,SNP,Chr,Pos,P.value,MAF,traits
2862,S1_25447397, 1,25447397,1.434753e-07,3113,BLINK.BranchlevelNum(NYC)
8268,S2_2809137, 2, 2809137,6.669627e-15,3113,BLINK.BranchlevelNum(NYC)
8882,S2_4928584, 2, 4928584,2.342361e-12,3113,BLINK.BranchlevelNum(NYC)
10239,S2_10550818, 2,10550818,8.125924e-08,3113,BLINK.BranchlevelNum(NYC)
20708,S5_19570582, 5,19570582,4.022127e-11,3113,BLINK.BranchlevelNum(NYC)
22382,S6_14436067, 6,14436067,8.204662e-08,3113,BLINK.BranchlevelNum(NYC)
27369,S8_2164467, 8, 2164467,7.432660e-11,3113,BLINK.BranchlevelNum(NYC)
28680,S8_27520967, 8,27520967,1.005346e-09,3113,BLINK.BranchlevelNum(NYC)
33954,S10_1397527,10, 1397527,1.565846e-10,3113,BLINK.BranchlevelNum(NYC)
35539,S10_23563095,10,23563095,1.400396e-07,3113,BLINK.BranchlevelNum(NYC)
39730,S12_3307308,12, 3307308,3.062710e-07,3113,BLINK.BranchlevelNum(NYC)
40462,S12_25829663,12,25829663,5.097323e-08,3113,BLINK.BranchlevelNum(NYC)
41806,S13_1869932,13, 1869932,1.806428e-14,3113,BLINK.BranchlevelNum(NYC)
47340,S14_8047984,14, 8047984,4.369352e-11,3113,BLINK.BranchlevelNum(NYC)
49494,S15_101966,15,  101966,3.394145e-07,3113,BLINK.BranchlevelNum(NYC)
57511,S17_22565954,17,22565954,2.876967e-08,3113,BLINK.BranchlevelNum(NYC)
59077,S18_3267038,18, 3267038,1.599029e-08,3113,BLINK.BranchlevelNum(NYC)
8268,S2_2809137,2,2809137,1.273989e-08,0.06087376,MLM.BranchlevelNum(NYC)
8272,S2_2818574,2,2818574,1.273989e-08,0.06087376,MLM.BranchlevelNum(NYC)
8274,S2_2819515,2,2819515,9.106301e-08,0.07741728,MLM.BranchlevelNum(NYC)
8280,S2_2828773,2,2828773,1.242089e-08,0.06103437,MLM.BranchlevelNum(NYC)
8285,S2_2846222,2,2846222,3.431475e-08,0.06023129,MLM.BranchlevelNum(NYC)
8289,S2_2854244,2,2854244,3.116348e-08,0.06151622,MLM.BranchlevelNum(NYC)
8298,S2_2875598,2,2875598,1.519670e-07,0.08175394,MLM.BranchlevelNum(NYC)
8313,S2_3000720,2,3000720,2.464593e-08,0.06537102,MLM.BranchlevelNum(NYC)
