SNP,Chr,Pos,P.value,MAF,nobs,effect,H&B.P.Value,Phenotype_Variance_Explained(%)
S1_25447397,1,25447397,1.43475280367179e-07,3113,0.238887606604601,0.0603919049148731,0.000585283493711178,3.95276441155656
S2_2809137,2,2809137,6.6696272977248e-15,3113,-0.316322157313615,0.060873755220045,4.08114494347781e-10,5.7637048192771
S2_4928584,2,4928584,2.34236074640126e-12,3113,-0.141144886067443,0.390941214262769,4.77763513574311e-08,1.64971981060015
S2_10550818,2,10550818,8.12592400613978e-08,3113,-0.114971028809668,0.279633793768069,0.000386187111641973,1.14668867264279
S5_19570582,5,19570582,4.02212677242773e-11,3113,0.1681787087944,0.203501445550916,5.34721261427075e-07,2.53991731250851
S6_14436067,6,14436067,8.20466162991608e-08,3113,-0.107585928016106,0.371506585287504,0.000386187111641973,1.27149117565391
S8_2164467,8,2164467,7.43265972400698e-11,3113,-0.12635709492427,0.420012849341471,7.58007414186645e-07,2.12453230310441
S8_27520967,8,27520967,1.00534648786628e-09,3113,-0.163454600191544,0.177802762608416,7.68964394906724e-06,3.5491609408147
S10_1397527,10,1397527,1.56584628235551e-10,3113,-0.130719973471961,0.329906842274333,1.36877334310477e-06,1.92876518805751
S10_23563095,10,23563095,1.40039619162784e-07,3113,-0.108941524955079,0.326052039832959,0.000585283493711178,0.8328288190616
S12_3307308,12,3307308,3.06270975441707e-07,3113,0.0909777092076337,0.433986508191455,0.00117129506170488,0.411834869889169
S12_25829663,12,25829663,5.09732259727313e-08,3113,0.161477399690077,0.133311917764215,0.000283550154297403,1.11115345280076
S13_1869932,13,1869932,1.80642776149256e-14,3113,-0.15264300738363,0.475425634436235,5.52676573628648e-10,2.7004242588095
S14_8047984,14,8047984,4.36935170311386e-11,3113,-0.25699674446254,0.057500803083842,5.34721261427075e-07,3.86887474735253
S15_101966,15,101966,3.39414472348141e-07,3113,0.11208185791726,0.287985865724382,0.00122169244488134,1.475461916383
S17_22565954,17,22565954,2.87696710960997e-08,3113,0.119699024176715,0.29521362030196,0.000176041617437034,1.65440484538176
S18_3267038,18,3267038,1.5990289027203e-08,3113,0.239900790602209,0.0594282043045294,0.000108716198397172,3.81659850301838
