SNP,Chromosome,Position,P.value,MAF,nobs,effect,Phenotype_Variance_Explained(%)
S1_2391503,1,2391503,5.22990583295541e-07,0.373594603276582,3113,-0.0696814369183359,1.37402394904387
S1_25303195,1,25303195,3.26737637841304e-15,0.497751365242531,3113,0.138599294193386,4.25160237425548
S2_2809137,2,2809137,2.96099205711972e-10,0.060873755220045,3113,-0.174691069733326,3.64249802464103
S2_4928584,2,4928584,4.5450586077151e-09,0.390941214262769,3113,-0.0757943795158007,1.16228972775858
S6_14436067,6,14436067,1.35273978099287e-07,0.371506585287504,3113,-0.0720781908191803,1.48272132995364
S8_2164467,8,2164467,1.59453424395674e-12,0.420012849341471,3113,-0.0937927203739437,2.8694226609222
S8_27520967,8,27520967,2.45254029636528e-10,0.177802762608416,3113,-0.112573213752862,2.81993778100359
S10_1397527,10,1397527,1.1496009392635e-11,0.329906842274333,3113,-0.0966487400997997,3.44620207791129
S13_1869932,13,1869932,1.16626169998364e-13,0.475425634436235,3113,-0.0954678365626134,3.18082031453293
S14_8047984,14,8047984,5.0282784840711e-08,0.057500803083842,3113,-0.142761014336021,2.66560549033378
S18_3267038,18,3267038,4.31850254343108e-09,0.0594282043045294,3113,0.166529704515583,3.51765502185485
