repeats,id,predOf,Trait,Accuracy,Model
1,Fold1,GEBV,BranchlevelNum,0.43226412891856103,Additive
1,Fold1,GEBV,FirstBranchHeight,0.28224899346263804,Additive
1,Fold1,GEBV,PlantHeight,0.26571425126882475,Additive
1,Fold1,GEBV,Cylindrical_type,0.14525081276699311,Additive
1,Fold1,GEBV,Umbrella_type,0.012398046505596415,Additive
1,Fold1,GEBV,Open_type,0.22614230876109054,Additive
1,Fold1,GEBV,Compact_type,0.10892441750044976,Additive
1,Fold2,GEBV,BranchlevelNum,0.44729814126214607,Additive
1,Fold2,GEBV,FirstBranchHeight,0.2786800561633942,Additive
1,Fold2,GEBV,PlantHeight,0.2631209331579413,Additive
1,Fold2,GEBV,Cylindrical_type,0.22968253170829706,Additive
1,Fold2,GEBV,Umbrella_type,0.006953119808743747,Additive
1,Fold2,GEBV,Open_type,0.2987571216132769,Additive
1,Fold2,GEBV,Compact_type,0.0446462992575925,Additive
1,Fold3,GEBV,BranchlevelNum,0.44082155090656744,Additive
1,Fold3,GEBV,FirstBranchHeight,0.24818651951867537,Additive
1,Fold3,GEBV,PlantHeight,0.21810897630560172,Additive
1,Fold3,GEBV,Cylindrical_type,0.09768353360405034,Additive
1,Fold3,GEBV,Umbrella_type,0.016636336525390698,Additive
1,Fold3,GEBV,Open_type,0.14683567390655775,Additive
1,Fold3,GEBV,Compact_type,0.010446819091939213,Additive
1,Fold4,GEBV,BranchlevelNum,0.4395196629606835,Additive
1,Fold4,GEBV,FirstBranchHeight,0.2788393982295501,Additive
1,Fold4,GEBV,PlantHeight,0.25769227568164843,Additive
1,Fold4,GEBV,Cylindrical_type,0.07884883016878357,Additive
1,Fold4,GEBV,Umbrella_type,0.09321423203173389,Additive
1,Fold4,GEBV,Open_type,0.3652983956048165,Additive
1,Fold4,GEBV,Compact_type,-0.054507657336931054,Additive
1,Fold5,GEBV,BranchlevelNum,0.4383881833103063,Additive
1,Fold5,GEBV,FirstBranchHeight,0.20505651498493804,Additive
1,Fold5,GEBV,PlantHeight,0.27364187080929436,Additive
1,Fold5,GEBV,Cylindrical_type,0.18781669888065752,Additive
1,Fold5,GEBV,Umbrella_type,NA,Additive
1,Fold5,GEBV,Open_type,0.2504221648834638,Additive
1,Fold5,GEBV,Compact_type,0.002972249728072091,Additive
2,Fold1,GEBV,BranchlevelNum,0.4464366674354123,Additive
2,Fold1,GEBV,FirstBranchHeight,0.2491341451326817,Additive
2,Fold1,GEBV,PlantHeight,0.32156748501556753,Additive
2,Fold1,GEBV,Cylindrical_type,0.152207725018249,Additive
2,Fold1,GEBV,Umbrella_type,0.05452247489651822,Additive
2,Fold1,GEBV,Open_type,0.3269550126814679,Additive
2,Fold1,GEBV,Compact_type,0.09184752737002519,Additive
2,Fold2,GEBV,BranchlevelNum,0.44736679423090786,Additive
2,Fold2,GEBV,FirstBranchHeight,0.23072983343010714,Additive
2,Fold2,GEBV,PlantHeight,0.23061046258655296,Additive
2,Fold2,GEBV,Cylindrical_type,0.09306711948674888,Additive
2,Fold2,GEBV,Umbrella_type,-0.011021055974616948,Additive
2,Fold2,GEBV,Open_type,0.16073388747305387,Additive
2,Fold2,GEBV,Compact_type,0.08356252374885821,Additive
2,Fold3,GEBV,BranchlevelNum,0.3954941534569856,Additive
2,Fold3,GEBV,FirstBranchHeight,0.29310782907956773,Additive
2,Fold3,GEBV,PlantHeight,0.2756612759706219,Additive
2,Fold3,GEBV,Cylindrical_type,0.15088297698923853,Additive
2,Fold3,GEBV,Umbrella_type,-0.03267594207978205,Additive
2,Fold3,GEBV,Open_type,0.22738332386676566,Additive
2,Fold3,GEBV,Compact_type,0.0608542996014968,Additive
2,Fold4,GEBV,BranchlevelNum,0.42522892288812864,Additive
2,Fold4,GEBV,FirstBranchHeight,0.25962471965051126,Additive
2,Fold4,GEBV,PlantHeight,0.21882587821623348,Additive
2,Fold4,GEBV,Cylindrical_type,0.20511782422214608,Additive
2,Fold4,GEBV,Umbrella_type,0.10107141635404951,Additive
2,Fold4,GEBV,Open_type,0.2321354460152993,Additive
2,Fold4,GEBV,Compact_type,0.037733765643079384,Additive
2,Fold5,GEBV,BranchlevelNum,0.4620533360571677,Additive
2,Fold5,GEBV,FirstBranchHeight,0.24243966351068705,Additive
2,Fold5,GEBV,PlantHeight,0.2191089675149933,Additive
2,Fold5,GEBV,Cylindrical_type,0.18548166642938796,Additive
2,Fold5,GEBV,Umbrella_type,-0.01905322440369906,Additive
2,Fold5,GEBV,Open_type,0.3206777027184216,Additive
2,Fold5,GEBV,Compact_type,0.1171895100493902,Additive
3,Fold1,GEBV,BranchlevelNum,0.4328657634247581,Additive
3,Fold1,GEBV,FirstBranchHeight,0.24645751338105965,Additive
3,Fold1,GEBV,PlantHeight,0.18524794572230185,Additive
3,Fold1,GEBV,Cylindrical_type,0.16896450199406052,Additive
3,Fold1,GEBV,Umbrella_type,0.0014486918465304902,Additive
3,Fold1,GEBV,Open_type,0.2346204723539572,Additive
3,Fold1,GEBV,Compact_type,0.09400467183291727,Additive
3,Fold2,GEBV,BranchlevelNum,0.4728864840539244,Additive
3,Fold2,GEBV,FirstBranchHeight,0.24377791059904624,Additive
3,Fold2,GEBV,PlantHeight,0.2772324441701099,Additive
3,Fold2,GEBV,Cylindrical_type,0.08986598859769618,Additive
3,Fold2,GEBV,Umbrella_type,0.02378956036229434,Additive
3,Fold2,GEBV,Open_type,0.2539295182188042,Additive
3,Fold2,GEBV,Compact_type,0.07098189828984627,Additive
3,Fold3,GEBV,BranchlevelNum,0.4141183378691769,Additive
3,Fold3,GEBV,FirstBranchHeight,0.21653442199689993,Additive
3,Fold3,GEBV,PlantHeight,0.29899750491202426,Additive
3,Fold3,GEBV,Cylindrical_type,0.27558831399242645,Additive
3,Fold3,GEBV,Umbrella_type,-0.035326074234198354,Additive
3,Fold3,GEBV,Open_type,0.3017590039844738,Additive
3,Fold3,GEBV,Compact_type,0.02913198048726855,Additive
3,Fold4,GEBV,BranchlevelNum,0.45936420896889485,Additive
3,Fold4,GEBV,FirstBranchHeight,0.29204133421079215,Additive
3,Fold4,GEBV,PlantHeight,0.24016102655230728,Additive
3,Fold4,GEBV,Cylindrical_type,0.1785224363050385,Additive
3,Fold4,GEBV,Umbrella_type,0.028693999748702088,Additive
3,Fold4,GEBV,Open_type,0.22689119575087388,Additive
3,Fold4,GEBV,Compact_type,0.024939603195356503,Additive
3,Fold5,GEBV,BranchlevelNum,0.4328031924169283,Additive
3,Fold5,GEBV,FirstBranchHeight,0.264952423586079,Additive
3,Fold5,GEBV,PlantHeight,0.2571591220692556,Additive
3,Fold5,GEBV,Cylindrical_type,0.14635215776673963,Additive
3,Fold5,GEBV,Umbrella_type,0.0358089801383369,Additive
3,Fold5,GEBV,Open_type,0.33353605726146546,Additive
3,Fold5,GEBV,Compact_type,0.036237812204351225,Additive
1,Fold1,GEBV,BranchlevelNum,0.43306552975709056,Additive_Dom
1,Fold1,GETGV,BranchlevelNum,0.4328946203685692,Additive_Dom
1,Fold1,GEBV,FirstBranchHeight,0.28225079374471584,Additive_Dom
1,Fold1,GETGV,FirstBranchHeight,0.28225079374471584,Additive_Dom
1,Fold1,GEBV,PlantHeight,0.26300588478755604,Additive_Dom
1,Fold1,GETGV,PlantHeight,0.2660670865938604,Additive_Dom
1,Fold1,GEBV,Cylindrical_type,0.16275148576164888,Additive_Dom
1,Fold1,GETGV,Cylindrical_type,0.16720308342343018,Additive_Dom
1,Fold1,GEBV,Umbrella_type,0.0017607987449179874,Additive_Dom
1,Fold1,GETGV,Umbrella_type,-0.008906844701655203,Additive_Dom
1,Fold1,GEBV,Open_type,0.22582067863938557,Additive_Dom
1,Fold1,GETGV,Open_type,0.24999437338764938,Additive_Dom
1,Fold1,GEBV,Compact_type,0.040912703501318995,Additive_Dom
1,Fold1,GETGV,Compact_type,0.12052679378697054,Additive_Dom
1,Fold2,GEBV,BranchlevelNum,0.4489402086636436,Additive_Dom
1,Fold2,GETGV,BranchlevelNum,0.4454390202091769,Additive_Dom
1,Fold2,GEBV,FirstBranchHeight,0.2788675577853482,Additive_Dom
1,Fold2,GETGV,FirstBranchHeight,0.27886107374973107,Additive_Dom
1,Fold2,GEBV,PlantHeight,0.2652175042273404,Additive_Dom
1,Fold2,GETGV,PlantHeight,0.2673140989461912,Additive_Dom
1,Fold2,GEBV,Cylindrical_type,0.2139466367745198,Additive_Dom
1,Fold2,GETGV,Cylindrical_type,0.20468437046162347,Additive_Dom
1,Fold2,GEBV,Umbrella_type,0.010051261084001471,Additive_Dom
1,Fold2,GETGV,Umbrella_type,0.053026225239898334,Additive_Dom
1,Fold2,GEBV,Open_type,0.30127958787902437,Additive_Dom
1,Fold2,GETGV,Open_type,0.31942602189635744,Additive_Dom
1,Fold2,GEBV,Compact_type,-0.0066765476544095774,Additive_Dom
1,Fold2,GETGV,Compact_type,0.082575264055669,Additive_Dom
1,Fold3,GEBV,BranchlevelNum,0.443500752841064,Additive_Dom
1,Fold3,GETGV,BranchlevelNum,0.4425073585067979,Additive_Dom
1,Fold3,GEBV,FirstBranchHeight,0.24819233579070668,Additive_Dom
1,Fold3,GETGV,FirstBranchHeight,0.24819233579070668,Additive_Dom
1,Fold3,GEBV,PlantHeight,0.2162948017447152,Additive_Dom
1,Fold3,GETGV,PlantHeight,0.21317804911462118,Additive_Dom
1,Fold3,GEBV,Cylindrical_type,0.1474549431938876,Additive_Dom
1,Fold3,GETGV,Cylindrical_type,0.10652629664303848,Additive_Dom
1,Fold3,GEBV,Umbrella_type,-0.0020428045667040206,Additive_Dom
1,Fold3,GETGV,Umbrella_type,0.0317110514124537,Additive_Dom
1,Fold3,GEBV,Open_type,0.16186260601175814,Additive_Dom
1,Fold3,GETGV,Open_type,0.16682049767231788,Additive_Dom
1,Fold3,GEBV,Compact_type,0.02709432547775194,Additive_Dom
1,Fold3,GETGV,Compact_type,0.07494879681656734,Additive_Dom
1,Fold4,GEBV,BranchlevelNum,0.4380496608439255,Additive_Dom
1,Fold4,GETGV,BranchlevelNum,0.42859271197087967,Additive_Dom
1,Fold4,GEBV,FirstBranchHeight,0.2788549475710266,Additive_Dom
1,Fold4,GETGV,FirstBranchHeight,0.2788549475710266,Additive_Dom
1,Fold4,GEBV,PlantHeight,0.25015159856230007,Additive_Dom
1,Fold4,GETGV,PlantHeight,0.2563268235843991,Additive_Dom
1,Fold4,GEBV,Cylindrical_type,0.12116739617134405,Additive_Dom
1,Fold4,GETGV,Cylindrical_type,0.11743312406485303,Additive_Dom
1,Fold4,GEBV,Umbrella_type,0.05383923135759963,Additive_Dom
1,Fold4,GETGV,Umbrella_type,-0.026722643266333324,Additive_Dom
1,Fold4,GEBV,Open_type,0.33948859557331207,Additive_Dom
1,Fold4,GETGV,Open_type,0.3190148076672467,Additive_Dom
1,Fold4,GEBV,Compact_type,-0.10556152945469498,Additive_Dom
1,Fold4,GETGV,Compact_type,0.12118632497774592,Additive_Dom
1,Fold5,GEBV,BranchlevelNum,0.43856966918553697,Additive_Dom
1,Fold5,GETGV,BranchlevelNum,0.4410591236192637,Additive_Dom
1,Fold5,GEBV,FirstBranchHeight,0.20504115142753482,Additive_Dom
1,Fold5,GETGV,FirstBranchHeight,0.20504115142753482,Additive_Dom
1,Fold5,GEBV,PlantHeight,0.27274198923442095,Additive_Dom
1,Fold5,GETGV,PlantHeight,0.25840093212258713,Additive_Dom
1,Fold5,GEBV,Cylindrical_type,0.2690299129110588,Additive_Dom
1,Fold5,GETGV,Cylindrical_type,0.17472545769716466,Additive_Dom
1,Fold5,GEBV,Umbrella_type,NA,Additive_Dom
1,Fold5,GETGV,Umbrella_type,0.10608400996245312,Additive_Dom
1,Fold5,GEBV,Open_type,0.20484508139527682,Additive_Dom
1,Fold5,GETGV,Open_type,0.23447723061865586,Additive_Dom
1,Fold5,GEBV,Compact_type,-0.045504942221219404,Additive_Dom
1,Fold5,GETGV,Compact_type,0.06629258554066803,Additive_Dom
2,Fold1,GEBV,BranchlevelNum,0.4479742572877615,Additive_Dom
2,Fold1,GETGV,BranchlevelNum,0.44641581446977696,Additive_Dom
2,Fold1,GEBV,FirstBranchHeight,0.24913052583344453,Additive_Dom
2,Fold1,GETGV,FirstBranchHeight,0.24913052583344453,Additive_Dom
2,Fold1,GEBV,PlantHeight,0.3171891271514168,Additive_Dom
2,Fold1,GETGV,PlantHeight,0.3203401124689053,Additive_Dom
2,Fold1,GEBV,Cylindrical_type,0.14479390233251035,Additive_Dom
2,Fold1,GETGV,Cylindrical_type,0.026252675156844745,Additive_Dom
2,Fold1,GEBV,Umbrella_type,NA,Additive_Dom
2,Fold1,GETGV,Umbrella_type,-0.006970235393171181,Additive_Dom
2,Fold1,GEBV,Open_type,0.33633020446977135,Additive_Dom
2,Fold1,GETGV,Open_type,0.2978008974502364,Additive_Dom
2,Fold1,GEBV,Compact_type,0.037941097629354534,Additive_Dom
2,Fold1,GETGV,Compact_type,0.07722587686432117,Additive_Dom
2,Fold2,GEBV,BranchlevelNum,0.44726700039597306,Additive_Dom
2,Fold2,GETGV,BranchlevelNum,0.43114693075397087,Additive_Dom
2,Fold2,GEBV,FirstBranchHeight,0.23072881800965925,Additive_Dom
2,Fold2,GETGV,FirstBranchHeight,0.23072881800965925,Additive_Dom
2,Fold2,GEBV,PlantHeight,0.23008683413717912,Additive_Dom
2,Fold2,GETGV,PlantHeight,0.22814846515364692,Additive_Dom
2,Fold2,GEBV,Cylindrical_type,0.1703822832453487,Additive_Dom
2,Fold2,GETGV,Cylindrical_type,0.11123766092092542,Additive_Dom
2,Fold2,GEBV,Umbrella_type,-0.014021510218549598,Additive_Dom
2,Fold2,GETGV,Umbrella_type,-0.028297010017867285,Additive_Dom
2,Fold2,GEBV,Open_type,0.1283166878598041,Additive_Dom
2,Fold2,GETGV,Open_type,0.1875491956462247,Additive_Dom
2,Fold2,GEBV,Compact_type,-0.0062830332013229535,Additive_Dom
2,Fold2,GETGV,Compact_type,0.08965619330511165,Additive_Dom
2,Fold3,GEBV,BranchlevelNum,0.39600585269322974,Additive_Dom
2,Fold3,GETGV,BranchlevelNum,0.39691323688055713,Additive_Dom
2,Fold3,GEBV,FirstBranchHeight,0.29311356208155276,Additive_Dom
2,Fold3,GETGV,FirstBranchHeight,0.29311356208155276,Additive_Dom
2,Fold3,GEBV,PlantHeight,0.2627216109809845,Additive_Dom
2,Fold3,GETGV,PlantHeight,0.2790955316939438,Additive_Dom
2,Fold3,GEBV,Cylindrical_type,0.13564595848396008,Additive_Dom
2,Fold3,GETGV,Cylindrical_type,0.1471667786453861,Additive_Dom
2,Fold3,GEBV,Umbrella_type,-0.04042574086823449,Additive_Dom
2,Fold3,GETGV,Umbrella_type,0.02986467349956439,Additive_Dom
2,Fold3,GEBV,Open_type,0.25141276423628467,Additive_Dom
2,Fold3,GETGV,Open_type,0.2322285197652123,Additive_Dom
2,Fold3,GEBV,Compact_type,0.08473923258118564,Additive_Dom
2,Fold3,GETGV,Compact_type,0.1642501806589473,Additive_Dom
2,Fold4,GEBV,BranchlevelNum,0.42438882336180894,Additive_Dom
2,Fold4,GETGV,BranchlevelNum,0.418624128186447,Additive_Dom
2,Fold4,GEBV,FirstBranchHeight,0.2595335225036296,Additive_Dom
2,Fold4,GETGV,FirstBranchHeight,0.25774394336110407,Additive_Dom
2,Fold4,GEBV,PlantHeight,0.22482187225951003,Additive_Dom
2,Fold4,GETGV,PlantHeight,0.21986203455982858,Additive_Dom
2,Fold4,GEBV,Cylindrical_type,0.23224810554532258,Additive_Dom
2,Fold4,GETGV,Cylindrical_type,0.14127186719771961,Additive_Dom
2,Fold4,GEBV,Umbrella_type,NA,Additive_Dom
2,Fold4,GETGV,Umbrella_type,0.08551637367469662,Additive_Dom
2,Fold4,GEBV,Open_type,0.20821252241587473,Additive_Dom
2,Fold4,GETGV,Open_type,0.2600448231562711,Additive_Dom
2,Fold4,GEBV,Compact_type,0.030916954944448797,Additive_Dom
2,Fold4,GETGV,Compact_type,0.04312579413537776,Additive_Dom
2,Fold5,GEBV,BranchlevelNum,0.46260546300188676,Additive_Dom
2,Fold5,GETGV,BranchlevelNum,0.46510827930806625,Additive_Dom
2,Fold5,GEBV,FirstBranchHeight,0.2434981063770527,Additive_Dom
2,Fold5,GETGV,FirstBranchHeight,0.2408458052475621,Additive_Dom
2,Fold5,GEBV,PlantHeight,0.22716662278308852,Additive_Dom
2,Fold5,GETGV,PlantHeight,0.2256003419125876,Additive_Dom
2,Fold5,GEBV,Cylindrical_type,0.17062204432821712,Additive_Dom
2,Fold5,GETGV,Cylindrical_type,0.1004217583185366,Additive_Dom
2,Fold5,GEBV,Umbrella_type,-0.021638204175471982,Additive_Dom
2,Fold5,GETGV,Umbrella_type,0.0193266979496554,Additive_Dom
2,Fold5,GEBV,Open_type,0.32020617410183105,Additive_Dom
2,Fold5,GETGV,Open_type,0.34648790984259215,Additive_Dom
2,Fold5,GEBV,Compact_type,0.04672194468317983,Additive_Dom
2,Fold5,GETGV,Compact_type,0.059089425895040695,Additive_Dom
3,Fold1,GEBV,BranchlevelNum,0.4353348279992273,Additive_Dom
3,Fold1,GETGV,BranchlevelNum,0.42733424286958227,Additive_Dom
3,Fold1,GEBV,FirstBranchHeight,0.24646233324857061,Additive_Dom
3,Fold1,GETGV,FirstBranchHeight,0.24646233324857061,Additive_Dom
3,Fold1,GEBV,PlantHeight,0.18245595467143516,Additive_Dom
3,Fold1,GETGV,PlantHeight,0.18926161609503656,Additive_Dom
3,Fold1,GEBV,Cylindrical_type,0.06900008196022582,Additive_Dom
3,Fold1,GETGV,Cylindrical_type,0.07014114956360114,Additive_Dom
3,Fold1,GEBV,Umbrella_type,-0.006446055504147252,Additive_Dom
3,Fold1,GETGV,Umbrella_type,0.04276556479952294,Additive_Dom
3,Fold1,GEBV,Open_type,0.22363681389032308,Additive_Dom
3,Fold1,GETGV,Open_type,0.255623121095829,Additive_Dom
3,Fold1,GEBV,Compact_type,0.055593395403436635,Additive_Dom
3,Fold1,GETGV,Compact_type,0.19722877415060724,Additive_Dom
3,Fold2,GEBV,BranchlevelNum,0.4697695001080856,Additive_Dom
3,Fold2,GETGV,BranchlevelNum,0.4609568199650155,Additive_Dom
3,Fold2,GEBV,FirstBranchHeight,0.24379718551568685,Additive_Dom
3,Fold2,GETGV,FirstBranchHeight,0.24379718551568685,Additive_Dom
3,Fold2,GEBV,PlantHeight,0.2779284926229626,Additive_Dom
3,Fold2,GETGV,PlantHeight,0.2873740542154529,Additive_Dom
3,Fold2,GEBV,Cylindrical_type,0.12042845566493886,Additive_Dom
3,Fold2,GETGV,Cylindrical_type,0.10411949546534018,Additive_Dom
3,Fold2,GEBV,Umbrella_type,-0.021434953016590503,Additive_Dom
3,Fold2,GETGV,Umbrella_type,-0.012283661043652146,Additive_Dom
3,Fold2,GEBV,Open_type,0.22959178680982048,Additive_Dom
3,Fold2,GETGV,Open_type,0.2538556477554643,Additive_Dom
3,Fold2,GEBV,Compact_type,-0.001813562603690269,Additive_Dom
3,Fold2,GETGV,Compact_type,0.12175352050252232,Additive_Dom
3,Fold3,GEBV,BranchlevelNum,0.4144962617307497,Additive_Dom
3,Fold3,GETGV,BranchlevelNum,0.4105664155922464,Additive_Dom
3,Fold3,GEBV,FirstBranchHeight,0.21698591037003656,Additive_Dom
3,Fold3,GETGV,FirstBranchHeight,0.21436689937244385,Additive_Dom
3,Fold3,GEBV,PlantHeight,0.2945638589365924,Additive_Dom
3,Fold3,GETGV,PlantHeight,0.2901196079380311,Additive_Dom
3,Fold3,GEBV,Cylindrical_type,0.3310625017827156,Additive_Dom
3,Fold3,GETGV,Cylindrical_type,0.18511319968810563,Additive_Dom
3,Fold3,GEBV,Umbrella_type,-0.05851899426632948,Additive_Dom
3,Fold3,GETGV,Umbrella_type,-0.04894280408139968,Additive_Dom
3,Fold3,GEBV,Open_type,0.27280212512329366,Additive_Dom
3,Fold3,GETGV,Open_type,0.3049655960045111,Additive_Dom
3,Fold3,GEBV,Compact_type,-0.024634087972156233,Additive_Dom
3,Fold3,GETGV,Compact_type,0.036218713402361366,Additive_Dom
3,Fold4,GEBV,BranchlevelNum,0.4585066586544407,Additive_Dom
3,Fold4,GETGV,BranchlevelNum,0.4539145121837548,Additive_Dom
3,Fold4,GEBV,FirstBranchHeight,0.29203364585310143,Additive_Dom
3,Fold4,GETGV,FirstBranchHeight,0.29203364585310143,Additive_Dom
3,Fold4,GEBV,PlantHeight,0.23874177979816819,Additive_Dom
3,Fold4,GETGV,PlantHeight,0.2343457422889825,Additive_Dom
3,Fold4,GEBV,Cylindrical_type,0.24122427934588367,Additive_Dom
3,Fold4,GETGV,Cylindrical_type,0.17024356283145656,Additive_Dom
3,Fold4,GEBV,Umbrella_type,0.025817430564815766,Additive_Dom
3,Fold4,GETGV,Umbrella_type,0.022690814916098916,Additive_Dom
3,Fold4,GEBV,Open_type,0.2360033578844211,Additive_Dom
3,Fold4,GETGV,Open_type,0.24564528597421806,Additive_Dom
3,Fold4,GEBV,Compact_type,-0.006600011215970938,Additive_Dom
3,Fold4,GETGV,Compact_type,0.01326903044369642,Additive_Dom
3,Fold5,GEBV,BranchlevelNum,0.4328300527367383,Additive_Dom
3,Fold5,GETGV,BranchlevelNum,0.42727562803805896,Additive_Dom
3,Fold5,GEBV,FirstBranchHeight,0.2649443719755537,Additive_Dom
3,Fold5,GETGV,FirstBranchHeight,0.2649443719755537,Additive_Dom
3,Fold5,GEBV,PlantHeight,0.25993933170464495,Additive_Dom
3,Fold5,GETGV,PlantHeight,0.25911657907588337,Additive_Dom
3,Fold5,GEBV,Cylindrical_type,0.13076729944721158,Additive_Dom
3,Fold5,GETGV,Cylindrical_type,0.1234176162994917,Additive_Dom
3,Fold5,GEBV,Umbrella_type,0.009927002469912122,Additive_Dom
3,Fold5,GETGV,Umbrella_type,0.05097529277358706,Additive_Dom
3,Fold5,GEBV,Open_type,0.3322199034025955,Additive_Dom
3,Fold5,GETGV,Open_type,0.35884961177527763,Additive_Dom
3,Fold5,GEBV,Compact_type,0.04468132361090631,Additive_Dom
3,Fold5,GETGV,Compact_type,0.14489577140756915,Additive_Dom
