"Trait","Trial","VarG","VarE","Mean","H2","CV","PEV","Ac"
"BranchlevelNum","14.GS.C1.EC.329.MK",0.519990997913186,0.196003418415053,1.9151713768811,0.7,0.231166118320958,0.141251873300077,0.9
"BranchlevelNum","14.GS.C1.EC.331.IK",0.717467084894175,0.326772206729744,2.46541824804384,0.7,0.231863266189784,0.224605967515487,0.8
"BranchlevelNum","16.GS.C3.CET.259.IB",0.484301311826496,0.194490007146919,2.01852707372692,0.7,0.218481197407085,0.137210068369484,0.8
"BranchlevelNum","18.GS.C4B.CET.560.IK",0.844125560393659,0.625904103961564,1.50422526625732,0.6,0.525945835176225,0.36151350165194,0.8
"BranchlevelNum","18.GS.C4B.CET.600.setB.IK",1.57033086167967,0.303932418540706,1.64888338809781,0.8,0.334347877313243,0.25221855949447,0.9
"BranchlevelNum","18.GS.C4B.CET.600.setA.IK",0,1.21953072516917,2.68049377584323,0,0.411985157549902,0,NA
"BranchlevelNum","19.GS.C4C.CE.822.IB",0.347867587376248,0.638697370882253,1.75554540406774,0.4,0.45523484625307,0.226343409333936,0.6
"BranchlevelNum","20.GS.C5.CE.820.IB",0.177094472100353,0.177229322741371,0.777585917998726,0.5,0.541401434296647,0.0893612734248381,0.7
"FirstBranchHeight","19pyt16PDIB",0.177094472100353,0.177229322741371,0.777585917998726,0.6,0.541401434296647,0.0893612734248381,0.7
"FirstBranchHeight","17pyt14yrtpdIB",0.222337828270655,1.03562980963732e-15,1.67741950667236,1,1.91849460493172e-08,8.63024841364427e-16,1
"FirstBranchHeight","17pyt34highDMIK",0,0.0569960093239081,1.12044622378488,0,0.213074367123243,0,NA
"FirstBranchHeight","18pyt115highTCIB",0,0,2,NA,0,0,NA
"FirstBranchHeight","18pyt88highTCIB",0,0,2,NA,0,0,NA
"FirstBranchHeight","18CET416highDMIK",0.172588138735741,0.0109426679989489,2.01685121987883,0.9,0.0518665963699093,0.0285960839888492,0.9
"FirstBranchHeight","19C2bCETnonGSumu",0.117772849913937,0.0570314371931671,0.884946459050749,0.7,0.269861022850079,0.0406142322771685,0.8
"FirstBranchHeight","17pyt75highylddmIK",0.0175616095600793,0.0271195050339084,1.32444638037953,0.5,0.124338750467089,0.00943459084480095,0.7
"FirstBranchHeight","17clonalevaIB",0,0.0691483482946994,1.6192484320485,0,0.162396782400559,0,NA
"FirstBranchHeight","18clonalevalPDIB",0,0.23359020042924,1.05170958573512,0,0.459548631737111,0,NA
"FirstBranchHeight","17ayt100HDMIB",0,0.0796343236147257,1.36264898314797,0,0.207093349014142,0,NA
"FirstBranchHeight","17clonalevalpdIB",0,0.0284891498192369,1.94880752191604,0,0.086610550165703,0,NA
"FirstBranchHeight","19C2bCETGSumu",0.0643356956592955,0.0235269006801524,0.29323485146947,0.8,0.523078384606066,0.0180988458250188,0.8
"FirstBranchHeight","17clonalevalhighdmyldIB",0,0.0186502785472493,1.73750299534525,0,0.0785990142367902,0,NA
"FirstBranchHeight","16.GS.C3.CET.259.IB",0.0336194253235546,0.0481765011933657,1.02619524323503,0.4,0.213888596597946,0.019905091533425,0.6
"FirstBranchHeight","19introLatAmeumu",0.125495945134746,0.0155858861710029,0.339630233417035,0.9,0.367586375901074,0.0136464606538434,0.9
"FirstBranchHeight","18.GS.C4B.CET.560.IK",0.054201667186768,0.0996649887820621,0.679422628871761,0.4,0.464655737053142,0.0349866150082052,0.6
"FirstBranchHeight","18.GS.C4B.CET.600.setB.IK",0.0697380984767644,0.106507812899344,0.727495321906782,0.4,0.448601300600403,0.0417881834710408,0.6
"FirstBranchHeight","18.GS.C4B.CET.600.setA.IK",0,0.139335212066032,0.593393954552803,0,0.629053124769046,0,NA
"FirstBranchHeight","19.GS.C4C.CE.822.IB",0.0673694449979075,0.0946309340368702,1.37960949133415,0.5,0.222977165220394,0.0388902295932221,0.7
"FirstBranchHeight","20.GS.C5.CE.820.IB",0.0135167248338307,0.043374505538551,0.387023774827146,0.3,0.538120607703783,0.0103205557340897,0.5
"PlantHeight","IITA_2016_GXE_MARUKU_SECOND_SEASON",0,0.130896448838316,1.7877226944207,0,0.202378223301493,0,NA
"PlantHeight","IITA_2016_GXE_KATRIN_SECOND_SEASON",0.283978139416556,5.08080222805735e-11,2.03765106273279,1,3.49813309902982e-06,4.8993450047664e-11,1
"PlantHeight","IITA_2015_GXE_KIZIMBANI_FIRST_SEASON",0,0.371372871680387,1.14829542008068,0,0.530702893237766,0,NA
"PlantHeight","IITA_2016_GXE_UKIRIGURU_SECOND_SEASON",0.14070907715268,0.174335948972567,2.34654707414745,0.5,0.177936155944627,0.0811834821875123,0.7
"PlantHeight","19C2bCETnonGSumu",0,0.0885618197022244,2.40475412015286,0,0.123752103097966,0,NA
"PlantHeight","16C1aCETnonGSKano",0.0313692199007464,0.0248009642370762,1.21947885398498,0.6,0.129139770149879,0.0138698310247624,0.7
"PlantHeight","19C2bCETGSumu",0.0221369630889068,0.0116772437996915,1.09096369895121,0.7,0.0990512302074047,0.00795977036178662,0.8
"PlantHeight","16.GS.C3.CET.259.IB",0.0341078912394817,0.0436828673333147,1.76820468300256,0.5,0.118201512113366,0.0194313730503362,0.7
"PlantHeight","19introLatAmeumu",0.0475603473606448,0.0435039288617816,1.4837083249034,0.6,0.14057746469291,0.0232397503501788,0.7
"PlantHeight","18.GS.C4B.CET.560.IK",0.0425162425234456,0.22312202879674,2.084333234941,0.2,0.226623045542014,0.0355263293260593,0.4
"PlantHeight","18.GS.C4B.CET.600.setB.IK",0.0334835795371398,0.116617850396012,2.58420190656836,0.2,0.132146624257246,0.0259071573530494,0.5
"PlantHeight","18.GS.C4B.CET.600.setA.IK",1.57240083516325e-11,0.142364785740121,1.77719442033645,0,0.212307994712744,1.57240083497787e-11,0
"PlantHeight","19.GS.C4C.CE.822.IB",0.0534050649571302,0.0473677379452017,2.04278122609374,0.6,0.106541661395873,0.0259361808177621,0.7
"PlantHeight","20.GS.C5.CE.820.IB",0.0185155119919075,0.0040042308628416,0.96203998113174,0.8,0.0657758445720984,0.00380451411742442,0.9
"DMC","19pyt16PDIB",0.0185155119919075,0.0040042308628416,0.96203998113174,0.9,0.0657758445720984,0.00380451411742442,0.9
"DMC","17pyt14yrtpdIB",4.30874335817193,0.247185163338416,26.2572995422398,1,0.0189348182706744,0.195898066613914,1
"DMC","17pyt34highDMIK",11.8744763974378,7.39237479223074,33.6310076434011,0.7,0.0808448033516954,3.68741137545174,0.8
"DMC","18pyt115highTCIB",25.6177337265339,0.500841321959801,29.8359511633509,1,0.0237197544577033,0.470967274118755,1
"DMC","18pyt88highTCIB",18.9914223412266,5.11871148411351,33.3017017351577,0.8,0.0679381785170806,3.75866249386461,0.9
"DMC","18CET416highDMIK",21.8511065100294,0.000994919115854696,37.1245129776762,1,0.000849636424434451,0.212489606064496,1
"DMC","19C2bCETnonGSumu",0,8.31732616393766,29.5150576499369,0,0.0977120737624165,0,NA
"DMC","17pyt75highylddmIK",16.0650147905355,7.34043671215946,32.7199964176741,0.8,0.0828033107872305,4.19824213474048,0.9
"DMC","14.GS.C1.EC.329.MK",31.9593171306746,1.3149255212399,25.4376863492236,1,0.0450788646275812,1.23807441618911,1
"DMC","17clonalevaIB",24.9872805621011,7.02362203486641,32.5875745879567,0.8,0.0813258344551818,5.61949130409911,0.9
"DMC","18clonalevalPDIB",16.7143777026264,1.73924907207456,34.5137703257798,0.9,0.0382110072057186,1.51834966126943,1
"DMC","17ayt100HDMIB",6.96055275592447,10.2781739742228,28.5931217578937,0.5,0.112123438705971,3.72297714192009,0.7
"DMC","17clonalevalpdIB",12.6431391921844,18.5534805123029,35.1660094318519,0.5,0.12248689003373,7.58345137317807,0.6
"DMC","16C1aCETnonGSKano",7.09097510906259,9.9374337286594,34.8118291962195,0.5,0.090554550412309,4.08852183244242,0.7
"DMC","19C2bCETGSumu",3.01721491994464,7.74270310869258,28.3932430538941,0.3,0.0980011796164491,2.14164707008967,0.5
"DMC","14.GS.C2.CE.447.IK",18.4096355741285,3.01165772621712,33.6452348274373,0.9,0.0515797511648579,2.62591109419529,0.9
"DMC","17clonalevalhighdmyldIB",2.5612377019129,14.9533389769203,39.9531064907254,0.2,0.0967873359967443,2.19523804593777,0.4
"DMC","14.GS.C1.EC.331.IK",14.7827995981786,6.82478400997684,32.0958520925847,0.7,0.0813945910949181,4.71575902890929,0.8
"DMC","16.GS.C3.CET.259.IB",1.94033142737119e-09,19.2245242712954,30.6904018549527,0,0.142864796118,1.94033142716539e-09,0
"DMC","19introLatAmeumu",39.4280432943761,8.81128871658975,30.1538746542032,0.8,0.0984411300988309,7.61353745633382,0.9
"DMC","18.GS.C4B.CET.560.IK",16.6638183706503,4.01934998474429,32.2417810041531,0.8,0.0621811698210268,3.30898646383848,0.9
"DMC","18.GS.C4B.CET.600.setB.IK",17.340888123372,5.55467873802702,33.4722307879421,0.8,0.0704116976983353,4.35667372337429,0.9
"DMC","18.GS.C4B.CET.600.setA.IK",14.9994850287868,7.32674339113547,32.6074482507543,0.7,0.0830115793955955,4.9994539478843,0.8
"DMC","19.GS.C4C.CE.822.IB",4.2699144825401,6.64574474138906,37.8838541212953,0.4,0.0680483615026786,2.64536830317669,0.6
"DMC","20.GS.C5.CE.820.IB",1.90820795631364,16.2887959653667,41.8773708954367,0.1,0.0963751536072791,1.7018830829307,0.3
"FRWT","19pyt16PDIB",1.90820795631364,16.2887959653667,41.8773708954367,0.1,0.0963751536072791,1.7018830829307,0.3
"FRWT","17pyt14yrtpdIB",0,0.330638368798213,0.338240587148964,0,1.70000776598455,0,NA
"FRWT","IITA_2016_GXE_MARUKU_SECOND_SEASON",0.00352602318925954,0.000251505912676691,0.45977317548698,0.9,0.0344929604170593,0.000200759300550614,1
"FRWT","IITA_2016_GXE_KATRIN_SECOND_SEASON",0.0760104801843343,0.00301875454290011,-0.575479877380485,1,-0.0954737010640433,0.00280176889467317,1
"FRWT","17pyt34highDMIK",0.308458947699487,0.113526055939394,0.53173450412462,0.8,0.633655096930206,0.0654625884966138,0.9
"FRWT","IITA_2015_GXE_KIZIMBANI_FIRST_SEASON",0.0239863455701651,1.54324823000015e-09,0.143435796083067,1,0.000273880016672732,1.49796216246616e-09,1
"FRWT","IITA_2016_GXE_UKIRIGURU_SECOND_SEASON",0.0133830164031464,0.00127196101820893,-0.352820213044107,0.9,-0.101084238317249,0.0018768088123214,0.9
"FRWT","18pyt115highTCIB",1.53183854855459,0.072764678383953,6.06382644044106,1,0.044484994856512,0.0964110215612799,1
"FRWT","18pyt88highTCIB",2.80512205720401e-09,10.8994258126933,14.2377716674792,0,0.231878128238229,2.80512205649325e-09,0
"FRWT","18CET416highDMIK",0,1.79639031757317,1.45356776491466,0,0.922072499491525,0,NA
"FRWT","19C2bCETnonGSumu",0.0873794579328943,0.116744050933379,-0.254583964782968,0.4,-1.34210450376354,0.048612965899684,0.7
"FRWT","14.GS.C1.EC.329.MK",4.65059071783909e-11,0.153762816204916,0.242656586990964,0,1.61597105474663,4.65059071633549e-11,0
"FRWT","18clonalevalPDIB",6.00555306819268,1.82948357553346,-4.38700187488023,0.8,-0.308316265864459,1.35361762416868,0.9
"FRWT","17ayt100HDMIB",0.0807549294884783,0.235245378154652,-0.263538160744621,0.3,-1.84042040280412,0.0545557983169264,0.6
"FRWT","17clonalevalpdIB",0,5.53774629908131,0.128681413529529,0,18.287346968439,0,NA
"FRWT","16C1aCETnonGSKano",0.0111380792073204,0.295562989346559,-0.0393230696681602,0,-13.8253970458746,0.0106979059101611,0.2
"FRWT","19C2bCETGSumu",0.115837152479838,0.059278599225935,-0.0827146926797824,0.7,-2.94351535575601,0.0407588598891762,0.8
"FRWT","14.GS.C2.CE.447.IK",26.0892207502081,19.1114532646637,2.57721693212825,0.6,1.6962735118027,10.999283948597,0.8
"FRWT","14.GS.C1.EC.331.IK",0.240311742317323,0.190766562240874,0.103975374575952,0.6,4.2006900019896,0.106596622785236,0.7
"FRWT","16.GS.C3.CET.259.IB",0,19.3659446380702,3.0171497426165,0,1.45855388383496,0,NA
"FRWT","19introLatAmeumu",0.0341344535688831,0.379591226496137,-0.00103395067222685,0.1,-595.879250856541,0.0311070251583821,0.3
"FRWT","18.GS.C4B.CET.560.IK",4.43463294495087,6.59705177479999,4.12032938950714,0.4,0.623365855319555,2.63062533102574,0.6
"FRWT","18.GS.C4B.CET.600.setB.IK",0,15.4748680611407,5.45746004566556,0,0.720813501119702,0,NA
"FRWT","18.GS.C4B.CET.600.setA.IK",6.10056683434083e-07,7.64163173256787,7.96630064248265,0,0.347005501120404,6.10056630955877e-07,0
"FRWT","19.GS.C4C.CE.822.IB",0.720489858002426,3.38108777114491,1.26101390338966,0.2,1.45817063324637,0.592739595626329,0.4
"FRWT","20.GS.C5.CE.820.IB",0.654390571295445,6.28768236942249,1.80976578069375,0.1,1.38555230464786,0.590241159984604,0.3
"FTWT","19pyt16PDIB",0.654390571295445,6.28768236942249,1.80976578069375,0.1,1.38555230464786,0.590241159984604,0.3
"FTWT","17pyt14yrtpdIB",0.54929848163179,0.0366341191457212,4.08399394923568,1,0.0468659890587111,0.111576141448827,0.9
"FTWT","IITA_2016_GXE_MARUKU_SECOND_SEASON",0.00127915256461909,0.00274739396385114,0.138236965266533,0.4,0.379172016965318,0.000809665135471292,0.6
"FTWT","IITA_2016_GXE_KATRIN_SECOND_SEASON",0.0130021016515738,6.09465100988393e-07,1.96653605122578,1,0.000396983547797052,0.000336598844008932,1
"FTWT","17pyt34highDMIK",3.67867857698056e-10,0.481243019447093,-1.38413708952941,0,-0.501190828763856,3.67867857306523e-10,0
"FTWT","IITA_2015_GXE_KIZIMBANI_FIRST_SEASON",0.0116233462965469,1.9162614846421e-07,0.323017082309732,1,0.00135519532670304,0.000471786201162204,1
"FTWT","IITA_2016_GXE_UKIRIGURU_SECOND_SEASON",0.0191037315137244,0.00526732267243205,-0.41701659684623,0.8,-0.174037013474141,0.00351628899111097,0.9
"FTWT","18pyt115highTCIB",1.06377295676032,0.484690432089639,5.7503502971972,0.7,0.121070384514587,0.479685914657536,0.7
"FTWT","18pyt88highTCIB",3.2115931891589,0.000131972566506792,36.4013110708122,1,0.000315591142284476,0.911167354623241,0.8
"FTWT","18CET416highDMIK",4.25125085811091,0.75001957359677,-6.2331420639712,0.9,-0.138940633093851,0.802703936923648,0.9
"FTWT","19C2bCETnonGSumu",0.0801114819931145,0.00743660662468819,-0.197099987569574,0.9,-0.437522918848567,0.00650933052529853,1
"FTWT","14.GS.C1.EC.329.MK",0.0641133637213444,0.0291803823354997,0.275216672515729,0.7,0.620684284318582,0.0200719105381474,0.8
"FTWT","18clonalevalPDIB",10.2393348345117,0.650359320713545,-3.72401540237862,0.9,-0.216553504255978,0.672962583022088,1
"FTWT","17ayt100HDMIB",0.0660929985693707,0.467727760767687,-0.876739994989738,0.2,-0.780055951998136,0.0555560156044906,0.4
"FTWT","16C1aCETnonGSKano",0,0.440258105221857,-0.12494410818684,0,-5.31053039081232,0,NA
"FTWT","19C2bCETGSumu",0.129493272162414,0.0191830656657148,-0.410026213757403,0.9,-0.337790463056136,0.0185812417449364,0.9
"FTWT","14.GS.C2.CE.447.IK",33.3158278095926,13.3532130106461,-0.151673061459499,0.7,-24.0926424544913,9.40984761123611,0.8
"FTWT","14.GS.C1.EC.331.IK",0.117523795204554,0.194394465014762,-0.0434619027687103,0.4,-10.1445599195668,0.0727411472648418,0.6
"FTWT","16.GS.C3.CET.259.IB",24.4547507919672,9.2057784072387,1.62925977911562,0.7,1.86225831461305,6.92231485429548,0.8
"FTWT","19introLatAmeumu",0.0973847838012367,0.18319089968662,-0.478063945952871,0.4,-0.89529458125642,0.0639267143856884,0.6
"FTWT","18.GS.C4B.CET.560.IK",6.15124888618475,9.87862945220125,5.53830366793341,0.4,0.56750747075622,3.78008325905942,0.6
"FTWT","18.GS.C4B.CET.600.setB.IK",4.63182213534228,20.9135269368416,8.99650221489472,0.2,0.508323220314545,3.78141474895004,0.4
"FTWT","18.GS.C4B.CET.600.setA.IK",7.34170681119643,5.73453664952676,5.62657128951787,0.6,0.425603646745456,3.23720326987994,0.7
"FTWT","19.GS.C4C.CE.822.IB",1.68119604159433,3.76523987147582,1.65875404785885,0.3,1.16980730432188,1.16632396954728,0.6
"FTWT","20.GS.C5.CE.820.IB",3.26165192164111,3.11304059025902,-0.376634910914742,0.5,-4.68459249898096,1.60559035638065,0.7
