Trials,VarG,VarE,Mean,H2,CV,PEV,Ac
NPT_5CP_CHAMBEZI_TANZANIA,1.23026307519096,0.0385653289012022,1.03509230648359,0.981538889909635,0.189722762277364,0.0251211187037988,0.989737689281692
18ayt5VForestKYK,0,0.00699999999999999,2.85,0,0.0293564921590903,0,NA
18AYT6HYLD2KYK,0,0.0146666666666666,2.83333333333333,0,0.0427432991166704,0,NA
18cet36yrtPDIB,0,2.56666666666667,1.83333333333333,0,0.873862897505303,0,NA
19UYT4HYLD2KYK,0,0.102666666666667,2.43333333333333,0,0.131677970856963,0,NA
17pyt75highylddmIK,0.111111111111111,2.88033645591e-16,1.33333333333333,0.999999999999999,1.27286655091937e-08,1.6801962659475e-16,0.999999999999999
17pyt40highDMIK,0,0,1,NA,0,0,NA
15pyt30pdIB,0.0286458332694529,0.152777777816591,1.17187500004366,0.319148935630445,0.333540676284051,0.0197172618757344,0.558290525771929
17ayt28highDMIB,0,0,1,NA,0,0,NA
18ayt14wrthighDMIB,0,0,1,NA,0,0,NA
NPT_5CP_UKIRIGURU_TANZANIA,0.984829782049704,0.0118079899956968,1.06687931409055,0.992857455502215,0.101852734596633,0.00844370420253219,0.995703886622632
17clonalevalpdIB,0,0.931818181818182,1.75,0,0.551604170950527,0,NA
18pyt48highDMIB,0,0,1,NA,0,0,NA
19UYT4HYLDKYK,0.0218518533151239,0.0199999996461939,1.38333333333333,0.766233781396883,0.102232304809458,0.0051082251189465,0.875347805958799
21.CET.171.CIAT.IB,0,0.818181818181818,1.5,0,0.603022689155527,0,NA
19AYT8HYLD2KYK,0,0.151043956043956,2.37857142857143,0,0.163393764241533,0,NA
18ayt10highDMIK,0,0,1,NA,0,0,NA
18UYT4HYLDKYK,0,0.163958333333333,2.15625,0,0.187787912861934,0,NA
18uyt4USavannahKYK,0,0.150958333333333,2.18125,0,0.178124271786075,0,NA
15ayt14highDMIB,2.81751672488451,0.0625575538436635,2.02918106155886,0.996097101425256,0.123259124549397,0.0255982854010251,0.995446931420585
15TP2set3kano,0.276000632132718,1.84372539432433,3.3279469447175,0.145048425270186,0.408010861765968,0.236376196042622,0.378901660873161
18ayt12yrtpdIB,0,0,1,NA,0,0,NA
20Ayt9BestPerforming-Chambezi,0.109190281143364,0.109044442906948,2.14333333333333,0.666963606391493,0.154067860202248,0.0363643374490848,0.816678398386717
NPT_5CP_BUNDA_TANZANIA,0.351871054789019,0.36942667665381,1.06231957233956,0.693452482496832,0.572148736845414,0.117207182665166,0.816641309648131
14uyt16pdIB,0,0,1,NA,0,0,NA
14uyt19yrtMK,0.306942803908784,0.942727088437064,1.50250680677131,0.520452929426564,0.646214271391625,0.160339739904618,0.691103027611192
18ayt5USavannahKYK,0,0.0716842105263158,1.73,0,0.154762469203207,0,NA
18AYT6HYLDKYK,3.07086181920284e-05,0.0777631289501319,1.7099968351081,0.00131460110648932,0.163076565700287,3.06682544422159e-05,0.0362548084938069
18Pyt13Chambezi,0.0685425615590656,0.0190268717709892,2.22391277133449,0.863092740923222,0.0620248820083979,0.00998864632898185,0.924267760118642
19PYT21NM,0.0685425615590656,0.0190268717709892,2.22391277133449,0.782722451802609,0.0620248820083979,0.00998864632898185,0.924267760118642
19PYT21SR,0.0685425615590656,0.0190268717709892,2.22391277133449,0.782722451802609,0.0620248820083979,0.00998864632898185,0.924267760118642
19AYT8HYLDKYK,0.0257539684519543,0.0208333332828372,1.65,0.787621360914676,0.0874773134075653,0.00546959277087242,0.887480343959615
20UYT4EVTMVZ,0,0.634867934782609,1.43625,0,0.554768322457234,0,NA
IITA_2015_GXE_KIZIMBANI_FIRST_SEASON,0,0.894605406666667,1.31264,0,0.720559958840685,0,NA
IITA_2016_GXE_KATRIN_SECOND_SEASON,0.712077452209984,0.154349701317682,1.4057839301774,0.865001776058418,0.279469438405593,0.104599077345218,0.923638004134797
15clonalevalIK,0,0,1,NA,0,0,NA
20Uyt15BestPerforming-Chambezi,0.0347390204446228,0.066591363430834,2.09915273542415,0.601126395103819,0.122931990655626,0.0139275379875437,0.77400314349973
IITA_2015_GXE_NALIENDELE_FIRST_SEASON,0.155421634183965,0.286966328295258,0.627635890625337,0.477521388186351,0.853508204602309,0.0848261663990574,0.673957754512023
19PYT14Kabangwe,0.00836105394266384,0.0306950007526554,0.914642857142857,0.352659796551419,0.191550053252466,0.00541244636028857,0.593851662076835
20C2bPYTGSotobi,0.00137312582039035,0.473214766282403,1.875,0.00576990874749311,0.366883239325682,0.00136520300970787,0.0759599153994589
IITA_2016_GXE_MARUKU_SECOND_SEASON,0.606118433256298,0.33248508583331,1.14328122322596,0.739296083131479,0.504351147951927,0.175817477671064,0.842572749942523
17clonalevaIB,0,0.672413793103448,1.37931034482759,0,0.594506097529706,0,NA
15ayt16sel16IB,0.432682656054803,0.143339529620688,2.8651259722753,0.849846427649259,0.132141510211205,0.0672584426181688,0.918996625993491
15uyt19highTCIK,0,1.70229885057471,2.23333333333333,0,0.584203769626498,0,NA
16ayt16ppdIB,0.277622070338119,0.230846437743272,2.65130282159773,0.69970773178141,0.181218384541942,0.0843096958278882,0.834454831188823
21_YellowFreshAyt31_Namulonge,0.277622070338119,0.230846437743272,2.65130282159773,0.545996587646446,0.181218384541942,0.0843096958278882,0.834454831188823
13uyt15umu,0.12372412011443,0.247951125551685,2.57119119348606,0.695222164062762,0.193663898521506,0.041883639840617,0.813311471068954
18UYT11WrtKabangwe,0,0.0436783830645161,1.4424375,0,0.144889285875487,0,NA
18UYT11WrtRufunsa,0,0.0841868669354839,1.4936875,0,0.19425062600032,0,NA
19.East-africa.PYT.16.AG,0.310416680527365,0.0937499969638257,2.84375,0.868804673504038,0.107669877060165,0.0407252177515806,0.932096922805798
20Ayt13BestPerforming_Ilonga,0.0677129407890437,0.0632406139114637,2.0271875,0.681674487911879,0.124052099551308,0.0215547565516649,0.825635808278613
17localcultivar11Chitedze,0.00611587615720716,0.049390394395279,0.922181818181818,0.270861588441591,0.240993146305089,0.00445932022655397,0.520443645788466
18CET416highDMIK,0.0294117646872515,1.9367060932545e-11,1.05882296934378,0.999999999660783,4.15631548707209e-06,1.02531499017142e-11,0.999999999825696
18UYT11WrtKaoma,0.00712458180749512,0.0315801212189585,0.927333333333334,0.403629551118697,0.191633320751275,0.00424889005062743,0.635318464330053
18UYT11WrtMansa,0,0.0390405303030303,1.1669696969697,0,0.169316107377131,0,NA
20UYT6EVTMVZ,0.0288599348481677,0.291260867389242,1.7824543571459,0.352739976668744,0.302776839590449,0.018790711449538,0.590677346194363
17clonalevalhighdmyldIB,0.958105701468449,0.0178676292486073,1.7451028881138,0.996719810520508,0.0765971179075729,0.0103869338351204,0.994564671234544
IITA_2016_GXE_BUNDA_SECOND_SEASON,0.430972900664318,0.210773872738911,0.724660542354928,0.768008030727881,0.63353961003879,0.112552966658801,0.85955791269393
20UYT12RefColMLG,0.0287006529128043,0.0580583052956875,2.02722222222222,0.597265545504591,0.118858657087292,0.0115587417945003,0.772829570801086
21UYT10Chitala,0.0190497687030949,0.0525140206784027,1.55720570626242,0.501136084654757,0.147160633570998,0.00964338794870743,0.702694288579499
17AYT17Chitala,0.000227505298382771,0.000159743653675775,0.135967366565844,0.782983650381774,0.0929559343524116,5.31023925909664e-05,0.875550298825433
IITA_2015_GXE_MARUKU_FIRST_SEASON,0,0.536742781376518,0.577538461538461,0,1.2685342412625,0,NA
kbh_2017_18_pyt_8,0,0.0750107786774629,2.5835641025641,0,0.106008965233876,0,NA
13PYT17mpopfumu,0.69736845258658,0.124999995429129,2.625,0.917748923922562,0.134687003477747,0.0573593056477041,0.957992131451278
13pyt20yrtIB,1.92368422122439,0.124999999378949,2.475,0.968532627018496,0.142849854430293,0.0605332888879019,0.98414055247129
13uyt20mixedIB,1.61184215548898,0.149999995929008,2.65000000000001,0.955538224005752,0.146150312967967,0.071665364855437,0.977516354853335
21UYT-Y-12RUFUNSA,0.0142599122280708,0.0979085686456117,1.00164488077991,0.29384970132802,0.312389605740385,0.0100837374206329,0.541166504880754
21UYT(Y)12KABANGWE,0,0.111592205128205,1.003,0,0.333055029807461,0,NA
15clonalevalUB,0.214349112426035,7.74356641978394e-16,1.15384615384615,0.999999999999998,2.41169624487136e-08,4.05615383893444e-16,0.999999999999999
IITA_2015_GXE_UKIRIGURU_FIRST_SEASON,0.201687661862451,0.38513251182657,0.864313431769986,0.505545382538628,0.718015515407355,0.104063737406004,0.695726371272711
19.East-africa.PYT.16.UB,1.46925466525425e-20,0.430313588850174,3.35714285714286,1.02431438605984e-19,0.195399167096156,1.46925466525425e-20,0
20C1bUYTGSOtobi,0.199023199718362,0.357142856834108,2.54761904761905,0.625719770694177,0.234577577431522,0.0744904488277671,0.791024507012379
21UYT(Y)12MANSA,0.0464463805031548,0.0359151423377431,1.04976190476191,0.795068391200896,0.180529420284319,0.00951833147940687,0.891666076062612
KBH_2017_18_PYT_5,0.00901365692508993,0.174019470257375,1.9226349540941,0.0882879617486094,0.216971198269255,0.0082200138938399,0.296730433845375
16ayt15Chitala,0.0293199106983717,0.0170077586544451,1.33587272079819,0.834896695407301,0.0976244186749631,0.00487342328761454,0.913118016043629
18UYT9MKONDEZI,0.10531321865153,0.137972998604515,1.42568181818182,0.753278585247885,0.260540018991965,0.0259830262978044,0.867916231699745
IITA_2015_GXE_CHATO_FIRST_SEASON,0,0.497356782241015,0.597090909090909,0,1.18111874851995,0,NA
19pyt22VForestKYK,0,0.174272727272727,2.20666666666667,0,0.189181201400651,0,NA
20AYT15RefColMLG,0.101254306164282,0.05617526013106,1.66951111111112,0.843930809602288,0.141965635977017,0.0158026775873415,0.918657068552943
IITA_2016_GXE_CHATO_SECOND_SEASON,0.28308557145766,0.0566432371462357,0.562026503423703,0.899958476363885,0.423464722590177,0.0332543809664223,0.939430079106688
14uyt21pdIB,0.196541051845069,0.120933637654985,1.1653565351715,0.903333878452855,0.298410941095023,0.0261134091968085,0.931200885865469
18ayt12highTCMK,0.00864532667790498,0.183499118648871,1.17848883838459,0.178120331442735,0.363489205098572,0.00712331264953051,0.419583714567357
18clonalevalHighDMIB,0.180500847590904,0.671242255306188,1.93098554690759,0.638610087963088,0.424287874805357,0.103149559255038,0.654627360586856
18C1aUYTnonGSset1ikenne,0,0.737496883441258,2.13882978723404,0,0.401516938121519,0,NA
IITA_2016_GXE_UKIRIGURU_SECOND_SEASON,0.276718262900221,0.576995500785615,0.98189707024109,0.47413241434876,0.773606747653267,0.15177812338527,0.671942455237613
14pyt21pdyrtIB,0.253069869506101,0.719339264812693,1.60795955726439,0.52958622679416,0.52746271029308,0.122496720869149,0.718301408166107
18C1aUYTnonGSset2onne,0,1.01964825487589,2.25785416666667,0,0.44722832587821,0,NA
18C1bAYTnonGSset3otobi,0.0171503063146686,0.101224861816756,1.49746527663481,0.245454650168634,0.21246472502704,0.0129581460096313,0.494405166087816
18UYT9NJUL,0.0811646923973897,0.0329769926571462,1.44564583333333,0.907791680423732,0.125615610954111,0.00748405989488797,0.952781024382692
20UYT8AEVTMVZ,0,0.704110460992908,1.39041666666667,0,0.603497441692136,0,NA
20UYT8BEVTMVZ,0,0.617454920212766,1.334375,0,0.588877188323994,0,NA
18UYT17YrtKabangwe,0.0158494485594429,0.0168391779337585,1.22555619234473,0.730671759967981,0.105883238101279,0.00430432159182325,0.853477896920996
18UYT17YrtKaoma,0,0.038797462585034,0.929469387755102,0,0.211917377418916,0,NA
18UYT17YrtMansa,0.00088854446313747,0.029839374320361,1.13964901768148,0.0805283632991596,0.151573659386879,0.000817026180170466,0.283706285147171
19C1aUYTGSikenne,0,0.577634695510204,2.28872,0,0.332073309819806,0,NA
18C1aUYTnonGSset1Onne,0,0.674834374901961,2.39350980392157,0,0.343212729901165,0,NA
18UYT17YrtRufunsa,0,0.0382313317647059,1.42470588235294,0,0.137241196570472,0,NA
21UYT-W-13KAOMA,0.0195727683949303,0.0167902743901406,1.41670588235294,0.777637528282748,0.0914637913178445,0.00435224915864601,0.88183758611365
IITA_2015_GXE_BUNDA_FIRST_SEASON,0.182590903131329,0.170066659441388,0.587659817931428,0.704202131794869,0.701751895402802,0.0587936648888069,0.823409569080798
kbh_2017_18_pyt_9,0.182590903131329,0.170066659441388,0.587659817931428,0.517756947559232,0.701751895402802,0.0587936648888069,0.823409569080798
20UYT30CBSDMLG,0.0702105431204481,0.0395750012122379,1.55387340964656,0.839325903523011,0.128025014426916,0.0113458036271156,0.915643563534904
21AYT16Chitala,0.0345711608743702,0.0426422531913144,1.35230488741133,0.693392363627655,0.152702256458194,0.0107284815462077,0.830463496132374
15ayt18highTCIB,0.404139436136803,0.129629629291257,3.51851851851851,0.903409091695148,0.10232748457815,0.0390361952182644,0.950478348882892
20Ayt28Chambezi,0.0387857377884497,0.161264870023133,2.05923263131994,0.316865139795301,0.195013408837177,0.0265512207006646,0.561639168090823
20UYT30CBSDBLG,0.0313016340984425,0.0645499999460268,1.83222222222222,0.592628571076293,0.138665996477155,0.0127513914103296,0.769823727275468
21UYT14RUFUNSA,0.0164974068266936,0.0277073329543412,1.26825925925926,0.641094647291225,0.131246980319021,0.00592100761591463,0.800683862264767
19Ayt17BestPerforming_Ilonga,0.0970905687454347,0.059170408594575,2.31370512889742,0.811231708236109,0.105134263052505,0.019530026289412,0.893782601480297
20Ayt28WhiteFlesh-Chambezi_setA,0.0183577368327675,0.237782144006325,1.88892857142857,0.133755163257648,0.258151161636304,0.0159022947456597,0.365725529950601
20C1bUYT2nonGS_set2Ikenne,0.0489101050940054,0.41706195348616,1.63757446594659,0.484053106604103,0.394365784925443,0.0254049182529166,0.693238311605141
20C1bUYT2nonGS_set2onne,0,1.11322946992481,1.93831578947368,0,0.544336947806637,0,NA
20C1bUYT2nonGS_set2Umudike,0,2.70841132518797,1.76847368421053,0,0.93059070183535,0,NA
20UYTYrII19KAOMA,0.0267269827086543,0.0150684207280371,1.58508771929825,0.841800308922422,0.0774427145532272,0.00422820040794488,0.917496762349831
19C1aUYTGSumu,0,1.19245905142166,1.01303448275862,0,1.07794724932899,0,NA
20C1bUYT2nonGS_set2kano,0,1.87364590955838,1.82705172413793,0,0.749191630678709,0,NA
17.GS.C0.C1.AYT.20.setA.IB,0.594132206300012,0.495046594167068,2.41379336521035,0.779757737823489,0.291489522826517,0.131425331541688,0.88249332388754
12uyt15yrt8AIB,0.0667962302809174,0.0294902331996343,2.1723,0.900597563463312,0.0790531721053069,0.00663970804138887,0.948998189388848
15clonalevalIB,0.514785681757565,0.244211976473437,2.57263931509599,0.818742968296783,0.192089920589116,0.0965179012270508,0.901392575208579
18UYT9CHITEDZE,0.0262712231545712,0.0310925160508624,0.673949999999999,0.771676400992445,0.261637659793313,0.00599834022098233,0.878451137509904
19C1bUYTnonGSset2ikenne,0,0.490718999717514,2.11998333333333,0,0.330433438769883,0,NA
19PYT22HYLD2KYK,0,0.173725988700565,2.21833333333333,0,0.187890832596865,0,NA
20UYTYrII16KABANGWE,0.0135425238831646,0.0918918667361234,1.142,0.306578205766855,0.265443706608309,0.00939068120950923,0.553695047627171
20UYTYrII16MANSA,0.0209538679482192,0.0229011332955255,1.31566666666667,0.732971054106021,0.115022450447203,0.00559528927061461,0.85613728694995
13Ayt16HighFlowerIB,0,1.6043005796211,2.36503174603175,0,0.535557240943073,0,NA
17AYT21NM,0,0,3,NA,0,0,NA
13Ayt16ICTIB,1.22291675539124,0.291666660533834,2.56250000000001,0.943729908506347,0.210755792854408,0.0688136377149866,0.97145762054057
18PYT28HYLD2KYK,0.0482511138217187,0.056860698346979,2.44352981591194,0.696808913749835,0.0975862101228548,0.0157616080376429,0.820574243527407
18pyt28VForestKYK,0.0488035638031536,0.0574337702627355,2.47085072410313,0.697095388768296,0.0969922769878779,0.0159281375252084,0.820748179290627
19C1aUYTGSotobi,0.107544399423735,1.06955761430916,2.5350303030303,0.376287241407341,0.407961271603346,0.0670768140357686,0.61342256349709
21PYT20YellowKABANGWE,0.0443317079489246,0.0715178055391244,1.02681818181818,0.650301788968186,0.260443510132188,0.0155027189617238,0.806412914683406
NGTZ18KBH_AYT3,0.00695041258263247,0.121634850424809,2.31187548204762,0.0972714983668759,0.150856689659671,0.00627703580858386,0.311260330054989
15.GS.C1.AYT.28.IK,0.638063341576571,0.35529310948336,2.6397002158849,0.841510205731558,0.225807719401884,0.101588980102819,0.916943526461393
19C1aUYTnonGSikenne,0.13603792096083,0.43432732504358,2.72773379461356,0.610299930479369,0.241605375256425,0.0545386256628517,0.774010645235499
19C2bCETnonGSumu,0,2.62637212008281,2.64071428571428,0,0.613700835981835,0,NA
19C1bUYTGSikenne,0,0.766556816901408,2.28083333333333,0,0.383865095310506,0,NA
17cet79Chitedze,0.0460710111519426,0.043441083651083,0.858204907376785,0.543189265441715,0.242861868257994,0.0219026767046875,0.724284996683619
19AYT30CBSDBLG,0.104558844925705,0.0548701535895137,1.56346589631239,0.831314585134797,0.149823409313268,0.018118300254103,0.909239634948225
17clonalevalhighDMIK,0.0589344415731302,0.151937552923428,1.12101911487276,0.436864608803535,0.347711893318961,0.0334107086526872,0.65809336072555
19C1bAYTGSotobi,0,1.10506867719298,2.73144736842105,0,0.384859133709397,0,NA
20C2bPYTnonGSOtobi,0,0.767597920526316,2.22469736842105,0,0.393818354912869,0,NA
19PYT22HYLDKYK,0,0.194446343130554,1.30519480519481,0,0.337850490203807,0,NA
19pyt22USavannahKYK,0,0.185857826384142,1.33116883116883,0,0.323859981441747,0,NA
21PYT22WhiteKABANGWE,0.0220091220715052,0.0195198565349904,0.979397435897437,0.771823609141033,0.14265248715881,0.00502196204025049,0.878534921981496
21Pyt78_Namulonge,0.0220091220715052,0.0195198565349904,0.979397435897437,0.529970223444472,0.14265248715881,0.00502196204025049,0.878534921981496
20pyt42HTCbulkIB,0.0943831383632139,0.044552136373909,1.76945762374093,0.801398710924155,0.119287270375291,0.0191884757724658,0.892578251021859
19AYT30CBSDKIL,0.0808458693537128,0.0667310299241364,1.43036987490546,0.771892407667339,0.180599090572826,0.0191880521385987,0.87330340855958
20AYT27Kabangwe,0.00134891542652803,0.0243903963680108,1.31624391126071,0.271832294084911,0.118651451056861,0.0010092770832134,0.501783060688019
13pyt20nr12UM,0.282570516789756,0.36110943602822,2.64907489009264,0.771539994359442,0.226842895634969,0.0714875769145587,0.864297275848429
18C1aUYTnonGSset2umu,0,0.581396917344174,1.92545121951219,0,0.396007892837869,0,NA
13ayt21highTCIB,0.290079376495672,0.301587298780452,1.5952380952381,0.793702505253538,0.344255598238939,0.059842648648673,0.890899828967061
20UYT14EVTMVZ,0,0.640735628227194,1.53571428571429,0,0.521229530159079,0,NA
19C1bUYTnonGSset2umu,0,2.02835716442577,1.91204705882353,0,0.744858260340162,0,NA
19C1bUYTnonGSset2onne,0,2.22770826046512,1.9363023255814,0,0.770825353144179,0,NA
18C1aUYTnonGSset1kano,0,2.00679891259022,2.18562068965517,0,0.648152402773572,0,NA
18clonalevalPDIB,0.028095742424962,0.628843499313786,1.39908494754298,0.0974508335642725,0.566796557356111,0.0254489836241072,0.306928294778894
19AYT30Mansa,0.00330098519745751,0.0225177011676685,0.933816091954023,0.30545203527703,0.160694373961715,0.00229269255047477,0.552677152845158
13uyt30yrtUB,0,0,1,NA,0,0,NA
18C1aUYTnonGSset2kano,0,2.0955328968789,2.17595555555556,0,0.665268899166832,0,NA
19AYT30CBSDMLG,0.0330134456479124,0.193927290056891,1.81124444444444,0.338058979272563,0.243132154147001,0.0218529539099089,0.581428395653809
19AYT30Kabangwe,0.00929050109894373,0.0390292000333105,1.25486666666667,0.416610019169617,0.157433533023233,0.00541998525801743,0.645453343913886
19C1aUYTnonGSkano,0,1.79448789275905,2.56807777777778,0,0.521629438925528,0,NA
10uytUM,0.228356291729082,0.685130363341704,2.46187869499596,0.70227131103812,0.336217223526494,0.0737808446461725,0.822742183021982
18C1bAYTnonGSset1Otobi,0,1.16184818860487,2.47835869565217,0,0.434921152395843,0,NA
18PYT28HYLDKYK,0.0509413722626631,0.0553216756924496,1.406576647516,0.758314758185244,0.167218475748422,0.0133694948894151,0.858808092643421
18pyt28USavannahKYK,0.050272870174407,0.0524418168513496,1.43104948549208,0.765614750165708,0.160023665032478,0.0128245437553765,0.86307664863552
11uyt10RepeatUM,0.227191764771698,0.680405580740056,2.46691748048053,0.711463846769439,0.334371544422447,0.0673283753337515,0.838838231208866
13ayt24ppdIB,1.04883761501362,0.33680555048858,2.73958333333334,0.925685358203672,0.211838603382711,0.0779439916622516,0.962125437873707
18ayt28highTCMK,0,0.189473684210526,1.25,0,0.348228600052806,0,NA
12PYT36genpyramOtobi,1.14711422403324,0.074941380506351,2.36365714848787,0.975686072382389,0.115818080445358,0.0307289173699568,0.98651506892974
20PYTYrII37KABANGWE,0.0386671506862378,0.0853838081164811,0.866532768688665,0.557120834401343,0.337211804823707,0.0172599243811977,0.744061981882517
21CET84Chitala,0.0339815809192304,0.0774413590888042,1.04002990538747,0.343136261403551,0.267571994404745,0.0232190804912928,0.562775005719479
19PYT51Kabangwe,0.0511854192801586,0.0456134810188549,1.21003756153133,0.685492190854456,0.176501238329485,0.0162582784786271,0.826053898048642
19C1aUYTnonGSonne,0,0.77450475761988,2.43606862745098,0,0.36126220314367,0,NA
19C1aUYTnonGSumu,0,0.934567694525334,2.13055882352941,0,0.453745000574585,0,NA
19C1bUYTGSumu,0,1.26223913181907,1.67739215686275,0,0.669786225780004,0,NA
18C1aUYTnonGSset1umu,0,0.875876444688645,1.9328380952381,0,0.484201295047221,0,NA
19C1bUYTGSotobi,0,0.818434023797161,2.75393518518519,0,0.328502079408957,0,NA
20AYT15Chitala,0.0211887064458697,0.136065047725219,0.872059483293137,0.469544625770226,0.422987155716589,0.0113383920727462,0.681824846733427
20C1bUYTGSonne,0,1.78892819384981,2.0841376146789,0,0.641756184362736,0,NA
19C1bAYTGSumu,0,1.42067580884521,1.63986486486486,0,0.726841024331248,0,NA
19C1bAYTGSkano,0,1.69073424831081,1.6684375,0,0.779341373308529,0,NA
20UYT19Kaoma,0,0.142179236764478,1.05785964912281,0,0.356442956714364,0,NA
20C1bUYTGSUmudike,0,0.843874602698651,1.39137931034483,0,0.660227207152043,0,NA
13uyt30yrtIBA,1.07533359406551,0.523631795868533,2.20190250249414,0.893920223663516,0.328635836509223,0.115958526285811,0.944544899302358
20PYT38Chitala,0.0411721868976165,0.0603302991105351,1.28742280620722,0.681237749797821,0.19078601682549,0.0145068244668398,0.804769998479639
18AYT40NM,0.0410440187161959,0.0374574995031284,2.15525,0.766750089374644,0.089799049014965,0.00957351369725812,0.875642672198337
20UYT20Rufunsa,0,0.204580480672269,1.3262,0,0.341053942127312,0,NA
20C2bPYTGSumudike,0.0848104483907088,0.2771929047549,2.96577054536015,0.373964713304956,0.1775225416114,0.0532014110952848,0.610493374147358
20C1bUYTGSkano,0,1.97438430507936,1.87070634920635,0,0.751121554355385,0,NA
KBH_2017_18_PYT_2,0.0225931767972296,0.0899442371793317,2.30208838631418,0.29957444636404,0.130276078602468,0.0159358084373206,0.542828502710805
11ayt32whtrtIB,0.0679901866620294,0.417977341214304,2.20492683342748,0.409693890378075,0.293212301454215,0.0404133410069243,0.636867632714194
15.GS.C2.CE.Res.Cons.IB,1.19251038477545,4.6476935905982e-10,2.14171750783074,0.999999999613305,1.00659914540439e-05,4.62939558253531e-10,0.999999999805897
15.GS.C1.AYT.44.IK,0.774195447942849,0.151515151066886,2.59848484848491,0.938759524870143,0.14979863043339,0.0474120970753925,0.968896034087323
20PTY49Kabangwe,0.00535828698481641,0.0461271896597695,0.896042150990434,0.362208090926195,0.239690078642302,0.00367636293874353,0.560260758192844
14.GS.C1.EC.329.MK,0.510103879797192,0.199496863710554,2.27576835287676,0.742218659741441,0.196263700228809,0.142307545173259,0.849130391337038
17C1aAYTGSOtobi,0,1.40700748513074,2.18194029850746,0,0.543632410176784,0,NA
13AYT70mpopfOtobi,0,0.977890616735428,2.68115942028986,0,0.368826826493006,0,NA
14.GS.RESCUED.C2.CE.IB,0.501837378752934,2.86037833079072e-10,2.805760005051,0.99999999943409,6.02783310628265e-06,2.85008919848286e-10,0.999999999716035
14.GS.C3.CB.173.UB,0.501837378752934,2.86037833079072e-10,2.805760005051,0.999999999430019,6.02783310628265e-06,2.85008919848286e-10,0.999999999716035
17.CASS.PYT.49.setA.IB,0.0901722391084086,1.91682347969494e-15,1.14285714285714,0.999999999999993,3.83088498475409e-08,6.84579814176758e-16,0.999999999999996
20C2bPYTnonGSUmudike,0,1.42515499595445,1.52406338028169,0,0.783299810869237,0,NA
17C1aAYTGSumu,0,1.01839705589549,2.06711805555556,0,0.488194955056745,0,NA
19C1bUYTnonGSset1umu,0,2.30174383797573,2.45007432432433,0,0.619226074559622,0,NA
PYT 2010,0.156565540832378,0.56865587171336,1.796878641248,0.514314313727114,0.41966815683085,0.0768258349745566,0.713656496178766
18C1aUYTGSumu,0,1.06207712495643,1.91438157894737,0,0.538331162814007,0,NA
19.CMSSurveyVarieties.AYT.40.AB,0,1.27469621401185,1.52639473684211,0,0.7396674170203,0,NA
19C1bUYTnonGSset1otobi,0.143670901238157,1.03601500114526,2.59803668673618,0.450969183964756,0.391775923054246,0.0789585359132168,0.67113398159136
14CETtp2set2umu,0.0541858262119999,0.471984797818483,3.00824218769826,0.156375082835758,0.228376392166063,0.045816624086272,0.393005997905731
18C1aGSUYTAbuja,0,1.22034777998346,1.99635897435897,0,0.55335414987512,0,NA
13AYT25umu,0.232107159006164,0.708705285963991,2.41200847557919,0.65712708412394,0.349022967308153,0.0805759133595788,0.807991568242153
17.GS.C1.PYT.20.IB,0,0.865675962750947,1.62864556962025,0,0.571282732167591,0,NA
19.GS.C3.UYT.28.AG,0,0.78177954597564,1.85871698113208,0,0.475695327021151,0,NA
12PYT75genpyramUM,0.341401777508053,0.377337889625335,1.85342731249101,0.664772026423871,0.331428346023785,0.121617073918106,0.802353668732082
16.GS.C1.PYT.20.UB,0,1.24657482704403,1.680125,0,0.664534575744045,0,NA
17clonalevalyrtIK,0,1.24657482704403,1.680125,0,0.664534575744045,0,NA
18C1bAYTnonGSkano,0,2.06732064350893,2.19095061728395,0,0.656253045320456,0,NA
19C1bUYTGSkano,0,2.15544737750172,1.8107037037037,0,0.810814155878474,0,NA
Cycle C1b genotyped non-selected_Kano,0,2.06732064350893,2.19095061728395,0,0.656253045320456,0,NA
21.Intro.Lat.Ame.UYT.30.IB,0.0184928876395941,0.623438993486014,1.21005002209515,0.138797708267014,0.652519743974228,0.0159329622733696,0.372058547626193
14.GS.C0.PYT.88.IB,0.568388404895242,0.189568421832843,1.59050540809806,0.85261628886842,0.27374604109072,0.0855373301655293,0.921688133979739
17.GS.C2.res.AYT.14.IB,0.018915456838518,0.893547759475121,1.51052958222487,0.198704455302259,0.625791485961151,0.015159060687928,0.445632930600109
15tp2set3umu,0.188752115119599,0.111505459378678,2.99042579272239,0.746495244096592,0.111664476887714,0.0506110676792457,0.8554910273017
13ayt45yrtIB,0.635944769161831,0.431947900648575,1.85992742907736,0.850585364578619,0.353361870047668,0.0969058637373062,0.920662292492092
20.GS.C1.C2.C3.UYT.30.MK,0,0.993465482459637,1.68412068965517,0,0.591838454542979,0,NA
18.GS.C3.PYT.24.MK,0,1.12361936710468,1.64301123595506,0,0.645162438448696,0,NA
18C1bAYTGSset2umu,0,1.20462737256396,1.80483146067416,0,0.608120593889364,0,NA
17ayt100HDMIB,0,0.718156424581008,1.71666666666667,0,0.493655011981186,0,NA
21PYT58Chitala,0.0456790268635195,0.036732185081493,1.19536065573771,0.788615179218077,0.160333555949555,0.00965585290703772,0.888040077484162
16PYT62Chitala,0.0351067329304577,0.032829715383843,1.32029621898134,0.760397540322176,0.137234144478504,0.00843439432839973,0.871636363619574
20.GS.C3.UYT.28.MK,0,1.35185089130435,1.93016304347826,0,0.602379799868264,0,NA
21.GS.C4C.AYT.28.IK,0,1.21772538773748,1.84327461139896,0,0.598666061973637,0,NA
20.GS.C1.C2.C3.UYT.30.IK,0,1.1167898066719,1.97711734693878,0,0.534506848531571,0,NA
15tp2set4umu,0.0197963783402038,0.379841663591266,2.75798823583156,0.0839729920612406,0.22346468020518,0.0181417739953402,0.289104071244868
17C1aAYTnonGSset2umu,0,1.28415344398761,1.95030150753769,0,0.581040900151496,0,NA
21.GS.C3.C4.C4B.UYT.36.IB,0,0.587769697280922,1.27037128712871,0,0.603493958441162,0,NA
19.GS.C2.UYT.36.setA.ZA,0,1.12454016927479,1.42889622641509,0,0.74214163613754,0,NA
11aytNR09seriesUM,0.153556005716129,0.303866708706432,1.63270095498925,0.734951285308394,0.337625246412581,0.042007271791613,0.852312620656172
16.GS.C1.ungenotyped.AYT.21.IK,0,0.651288651221974,2.22443925233645,0,0.362799103563039,0,NA
20C2aAYTGSOtobi,0,0.666690630949793,2.26955813953488,0,0.359766617844657,0,NA
19.GS.C2.UYT.36.setA.AB,0,1.17241138079242,1.60587962962963,0,0.674259421494676,0,NA
20.GS.C1.C2.C3.UYT.30.IB,0,1.21523184946237,1.70638709677419,0,0.646028999147705,0,NA
17.GS.C1.C0.AYT.25.IB,0,0.929924148733777,1.61153211009174,0,0.598390650865128,0,NA
19C1bUYTnonGSset1ikenne,0,1.40419758053947,1.86990366972477,0,0.633716297655756,0,NA
19C1bUYTnonGSset1kano,0,2.00811845951154,1.79475799086758,0,0.78956659981823,0,NA
16CETMaintNM,0,2.00811845951154,1.79475799086758,0,0.78956659981823,0,NA
21.GS.C1.C2.C3.C4.40.UYT.IB,0,0.535330426660946,1.55311814345992,0,0.471092804592652,0,NA
21.GS.C1.C2.C3.C4.40.UYT.MK,0,0.492106467496246,1.22667088607595,0,0.571875483483103,0,NA
20.CMSSurveyVarieties.AYT.33.IB,0,1.09695571224641,2.10646861924686,0,0.497209654979382,0,NA
19.CASS.PYT.52.IK,0,1.18537998298466,2.31851666666667,0,0.469589710733129,0,NA
19.GS.C4.PYT.80.SETA.AG,0,1.22613331462655,2.06712033195021,0,0.535677108363953,0,NA
21.GS.C4.AYT.45.IK,0,1.01273954228907,1.99740663900415,0,0.503828110262885,0,NA
19.GS.C2.UYT.36.setB.AB,0,1.33070917797504,1.69930041152263,0,0.678846234788952,0,NA
20.GS.C2.UYT.36.setA.IB,0,1.22008339337516,2.01345901639344,0,0.548595150180586,0,NA
16.GS.C1.ungenotyped.AYT.21.UB,0,0.535960027648859,1.12481781376518,0,0.650854654154042,0,NA
18.GS.C4.PYT.54.ON,0,0.555736274200802,2.109164,0,0.3534467743596,0,NA
18.GS.C4.PYT.80.SETA.AG,0,1.37630877918073,2.312544,0,0.507303589700194,0,NA
18.GS.C4.PYT.80.SETA.IK,0,1.37630877918073,2.312544,0,0.507303589700194,0,NA
21.GS.C4.AYT.45.IB,0,0.775749808578314,1.682784,0,0.52339848892266,0,NA
13PYT144mpopumu,0.0501587604340241,0.582195476982231,2.27557985926356,0.128242003600737,0.335306777863552,0.0437790516672037,0.356637518398953
12CETearlyBulkingDrtkano,0,0.73588104322928,1.3340157480315,0,0.64304719955136,0,NA
20.GS.C2.UYT.36.setB.IB,0,1.37692391268382,1.9606796875,0,0.598478180703712,0,NA
20.GS.C4B.AYT.40.IK,0,1.20659877392269,2.12620833333333,0,0.516625244555381,0,NA
20.GS.C1.C2.CMSSurveyVarieties.AYT.40.MK,0,1.26947904573231,1.75788014981273,0,0.640949047231885,0,NA
15.GS.C1.CE.293.IB,0.638638628281841,0.119537531800441,3.12650052549632,0.853056167505926,0.110584341492542,0.100314572625662,0.918109120895302
20C2a_bPYTGSUmudike,0,1.2907628875448,1.422375,0,0.798746787617007,0,NA
14.GS.C1.EC.331.IK,0.465994967774401,0.338073602477456,2.85379118969155,0.596381153651853,0.203743347747209,0.193786483673557,0.764293586222851
19.Hawaii.PYT.54.IK,0,0.921711840379733,2.04547535211268,0,0.469357035976529,0,NA
20.GS.C4B.AYT.42.IK,0,1.16484639476435,2.09923943661972,0,0.514129298364862,0,NA
20.GS.C4B.AYT.60.IB,0.00407056680420408,0.164900333165558,0.489313227628329,0.106871372092267,0.829896265579728,0.00363741126024634,0.326207915720015
20C2aAYTGSUmudike,0,1.09273435774752,1.64111888111888,0,0.636967475389862,0,NA
20CET276Chitala,0.0213996210240484,0.0600233016758213,1.25843960756692,0.273963218430829,0.194682790127252,0.0156973252802792,0.516204549419511
20.GS.C4B.AYT.40.MK,0,1.3292994731441,1.95941095890411,0,0.588417910655261,0,NA
10uytCIATsetAUM,0,1.13966641030436,1.86713310580205,0,0.571759770510182,0,NA
16C1aCETnonGSOtobi,0.434145330554396,0.285095415591955,3.16743188663491,0.625621766540313,0.168572928834172,0.169549783257062,0.780681159642558
20C2aAYTGSonne,0,1.2517273085835,2.15485034013605,0,0.519203666777526,0,NA
18.GS.C1.C2.UYT.26.MK,0,1.26941047471369,1.98485810810811,0,0.567638146245958,0,NA
17C1bCETnonGSumu,0.0732194883925485,1.06789568851624,2.01746615416813,0.203442343670048,0.512221919166516,0.058436014230758,0.449339821339697
18.GS.C3.AYT.30.UB,0,1.43196627325986,1.74160535117057,0,0.687094772209723,0,NA
19crossingblockCETubiaja,0,1.91039818363732,1.85173178807947,0,0.746421028835333,0,NA
18.GS.C1.UYT.34.MK,0.0473332724387646,0.593827817777591,1.22621895424837,0.417717259181683,0.628437719779812,0.0275613476075439,0.64631049750231
19.Hawaii.PYT.60.IB,0,1.29376172866873,2.03493506493507,0,0.558954677211007,0,NA
18CET310Chitala,0.0021446032880825,0.0134530501852147,0.59740299175728,0.149152369890449,0.194152500380042,0.00184106625155765,0.37621175487086
17.GS.C2.AYT.34.MK,0.073434707663895,0.678505363437514,1.17903644299867,0.491040814657319,0.698633511243718,0.0373845838903912,0.700652530586232
15.GS.C1.CE.329.MK,1.00408601455237,0.0957132097497495,2.50762543306903,0.920858940889274,0.123373894552546,0.0861047912123618,0.956161912284597
18.GS.C3.AYT.30.MK,0,1.4359098447884,2.04643125,0,0.585553292724386,0,NA
18.GS.C3B.AYT.40.UB,0,1.08351386060299,1.40668501529052,0,0.739980668949348,0,NA
18.GS.C3.AYT.30.IK,0,1.06063168713344,1.77185588235294,0,0.581237872140963,0,NA
18C1bAYTGSOtobi,0,1.03321882947149,2.89571220930232,0,0.351027191064177,0,NA
17C1aAYTnonGSkano,0,0.834331495810497,2.11933717579251,0,0.43099205359951,0,NA
20CET321Kabangwe,0.0162479701864429,0.0556353108661539,0.97505795047317,0.822888408108837,0.241904992586962,0.00478046696138755,0.840107532612353
19.Hawaii.PYT.60.IK,0,1.11086885682951,1.97537784090909,0,0.533557486574222,0,NA
11EarlyBulkingDrtKA,0,1.30258985320628,1.64189801699717,0,0.695116611361869,0,NA
17.CASS.PYT.46.setC.IB,0,0.877384373457531,1.48983050847458,0,0.628721170304818,0,NA
18.CMSSurveyVarieties.AYT33.IB,0,0.905145048370188,2.18155865921788,0,0.436106133648284,0,NA
18introLatAmeumu,0.742314015663638,0.384112413517056,2.46573260407257,0.672945098176356,0.251352490938742,0.250261994662316,0.814163595947706
18.GS.C2.UYT.36.setA.AG,0,1.2615032389126,1.85274175824176,0,0.606218652584074,0,NA
18.GS.C1.UYT.34.IK,0.0220767665808289,0.918305771014264,1.78179557411681,0.213539172513754,0.537818554323963,0.0173848312746085,0.461007801330296
18.GS.C1.UYT.34.OT,0,1.08466382916433,1.42519072164948,0,0.73075970627175,0,NA
18.GS.C2.UYT.36.setB.AG,0,1.36514477509265,1.89461224489796,0,0.616692995666195,0,NA
19CET400Kabangwe,0,0.0964132555784545,0.954357682619648,0,0.325354786279771,0,NA
17.GS.C1.UYT.34.UM,0,1.48688661944862,1.84861,0,0.659619716612471,0,NA
18.GS.C1.UYT.34.UM,0,1.40740966854636,1.840075,0,0.644725340538236,0,NA
17.GS.C1.UYT.34.IK,0,1.01972988960903,1.90441191066997,0,0.530251231235351,0,NA
16.GS.C1.UYT.34.MK,0,0.875463207592619,1.58892156862745,0,0.588866012823645,0,NA
16.GS.C1.UYT.34.UB,0,1.42046252107723,1.65759803921569,0,0.71901121642113,0,NA
17.GS.C1.UYT.34.MK,0,0.876480633756084,1.58742892156863,0,0.589762118784054,0,NA
17.GS.C1.UYT.34.UB,0,1.42303157621525,1.65603431372549,0,0.720340672791325,0,NA
19.GS.C4B.PYT.78.MK,0,1.32815407776032,1.8001686746988,0,0.640193160226558,0,NA
11clonal63cpUM,0,1.32131880305741,2.67227906976744,0,0.430152050507107,0,NA
20AYTintroLatAmeUmudike,0,0.932063648875203,1.35280369515012,0,0.713654493085321,0,NA
20AYTintroLatAmekano,0,1.95160185670511,1.89825733634311,0,0.735936807194753,0,NA
17.GS.C3.PYT.60.UB,0,1.77560522798143,1.81686521739131,0,0.733416196946052,0,NA
18C1bAYTGSset1umu,0,1.46937832025219,2.01664536082474,0,0.60108692650038,0,NA
10cetNR10BseriesUM,0.181462540607643,0.601554213268043,1.98397328898989,0.601804286402988,0.390932309950498,0.0747943695708891,0.76669729461298
19.GS.C4B.PYT.88.MK,0,1.38062127028343,1.73056487025948,0,0.678968141026297,0,NA
13AYT259mpopdOtobi,0,0.931323132313238,2.59090909090909,0,0.372475764512479,0,NA
18C1bAYTGSkano,0,1.41717571491228,1.82952046783626,0,0.650690667954797,0,NA
13NEXTgenC0IB,0,0.546716756730884,0.851568306010929,0,0.868283809941755,0,NA
14.GS.C0.PYT.88.IK,0,0.997726813921833,2.03667625899281,0,0.490437670637855,0,NA
13pytdiallelIB,0.238772489440849,0.314143034085979,1.45407037095239,0.593076565967151,0.385459090114644,0.0983152090075206,0.766972838088303
13CET261umu,0.345299240027085,0.820800060042432,2.96204012608643,0.477870394983475,0.305863569298177,0.186944157452372,0.677201937987246
17C1bCETkano,0,0.883732573371541,2.05605670103093,0,0.457220131446072,0,NA
19.GS.C4B.PYT.135.IK,0,1.06107967637642,2.53215682967959,0,0.406802298252433,0,NA
19.GS.C4B.PYT.160.AB,0,1.89475514746799,2.05833333333333,0,0.668745450595708,0,NA
19.GS.C4.PYT.80.SETB.IK,0,1.01970400419026,1.69146655791191,0,0.596999059022612,0,NA
17.GS.C3.PYT.80.IB,0,0.98505014075512,1.66717903225806,0,0.595315141977127,0,NA
16C1aCETnonGSKano,0.0133931595527365,0.98806523836876,1.86789213645448,0.0293328286535546,0.532158515965984,0.0130069505075458,0.169812516968721
19.GS.C4.PYT.80.SETA.IK,0,0.909185337476925,1.5254048,0,0.625087915432778,0,NA
16.GS.C0.C1.AYT.58.IB,0,1.08697583596065,2.05086153846154,0,0.508362614182898,0,NA
16.GS.C0.C1.AYT.58.IK,0,1.14583855683299,2.14288109756098,0,0.499532376915858,0,NA
13CET489tp2umu,0.0560323895271031,0.457648005200671,2.83508810992389,0.252312235509927,0.238615815960273,0.0420117267564305,0.500224201974061
19.GS.C4B.PYT.88.AG,0,1.03563572423698,2.00347526236882,0,0.507948318622994,0,NA
21.C1.C2.CMS.AYT.40.IB,0.0723058073665542,0.622819300959158,1.53911948191616,0.65550679264784,0.512753573712348,0.0254252740387168,0.805210968088887
19C2bCETGSumu,0,3.06908096304185,1.96387869822485,0,0.892050648391887,0,NA
13NEXTgenC0IK,0.0285774961869176,0.452630072305608,0.995326204974393,0.25408963185018,0.67593706869947,0.0215107979352959,0.497274496027644
16geneticstockhighDMCETIB,0,0.26407298429641,1.3347962697274,0,0.384987831207147,0,NA
21.C1.C2.CMS.AYT.40.MK,0.156238036480333,0.892632574259158,1.59763938849866,0.75854598143936,0.591367708707717,0.0382024893871108,0.869186600382755
21.GS.C4B.PYT.272.IB,0,0.155942501220419,0.711451704545454,0,0.555056028166317,0,NA
19C2aPYTGSOtobi,0,0.946319864963547,2.53458591549296,0,0.383806178052611,0,NA
17.GS.C3.CET.283.MK,0,1.22916012310811,1.73895844155844,0,0.637551141959885,0,NA
19.GS.C4B.PYT.132.IK,0,1.02337956260105,1.83067432950191,0,0.552595416197919,0,NA
16C1aCETnonGSumu,0,1.17013050351702,1.74545280612245,0,0.619739303425941,0,NA
15CETtp1set2umu,0,0.577262347773944,2.545368956743,0,0.298494183285639,0,NA
14geneticgainUB,0.120960415132108,0.330212247421848,2.45855761782975,0.280085758032811,0.233730935756706,0.0879538083977426,0.522370695001136
16.GS.C3.CET.259.IB,0,1.03055735658012,1.69641860465116,0,0.598415807553399,0,NA
17C1bCETumu,0.00753345177933711,0.664146701002437,2.1834829727139,0.0238176738991169,0.37323486034633,0.00735622427356365,0.153379937457895
11cetNR11seriesUM,0.734504063206085,0.00617347550603988,2.52152738229746,0.995427921186362,0.0311602674068004,0.0035922639581712,0.997551635781438
19introLatAmeumu,0,2.24533843154616,1.93500666666667,0,0.774387687651864,0,NA
19.GS.C4B.PYT.140.IB,0,1.20714160475868,2.0362215320911,0,0.539577813068204,0,NA
19.GS.C4B.PYT.135.UB,0,1.78141958383004,1.65959320288363,0,0.804232211602445,0,NA
19C2aPYTGSumu,0,0.93230740512826,1.31156381909548,0,0.736190381847516,0,NA
18.GS.C4B.CET.600.setB.IK,0,1.19751929413778,2.03888051595384,0,0.536722107318328,0,NA
18.GS.C4B.CET.560.IK,0,1.0984213681658,1.93305073431242,0,0.542177179399895,0,NA
13CET518TP1umu,0,1.13565851583252,1.66376923076923,0,0.640517194274069,0,NA
13TP1CET518kano,0.0151335906273946,0.0525278858747448,0.644902226607578,0.536279849916418,0.355386629447033,0.0073432787678666,0.717474434871692
18.GS.C4B.CET.600.setA.IK,0,1.10845011007116,1.89038791882964,0,0.556938373679672,0,NA
13.GS.C1.CE.864.IB,0,0.871529919400774,1.15847103155912,0,0.805853269114804,0,NA
16.GS.SelGain.PYT.571.IB,0,0.417084063214097,1.32254205607477,0,0.488317520374742,0,NA
20.GS.C5.CE.820.IB,0,0.25153016104242,0.745048530097994,0,0.673147864236122,0,NA
19.GS.C4C.CE.822.IB,0,0.786956403259269,2.14415159944367,0,0.413732700969522,0,NA
13.GS.C1.CE.855.IK,0.00902609712129032,0.987506381929377,1.37373123857704,0.0246900507927557,0.723382805095778,0.00880453605566119,0.156673924277955
13CET518TP1Otobi,0.302335012988092,0.807012457311144,2.17607635029873,0.659228547010716,0.412825000689537,0.115491355770108,0.786131062883632
19.GS.C4B.PYT.500.IK,0,1.25966019930545,1.77464886731392,0,0.632432627793821,0,NA
21.GS.C4B.PYT.500.MK,0.00809884936802835,0.725917250806899,1.45498828170877,0.0868660328655728,0.585577070943158,0.00741879770227928,0.289773918489438
20.GS.C4B.PYT.500.IK,0,0.913851553372415,1.86293066255777,0,0.513146222533574,0,NA
12CET500TP1umu,0,1.76402585860323,1.8466679130638,0,0.719223170885832,0,NA
