Trait,Trial,VarG,VarE,Mean,H2,CV,PEV,Ac
BranchlevelNum,14.GS.C1.EC.329.MK,0.520159889931253,0,2.27966101694915,1,0.194121170782987,0.141175280398744,0.9
BranchlevelNum,21.GS.C4B.PYT.272.IB,0.167366077076903,0.00984618223450193,0.677372992426557,0.9,0.485817735728658,0.0673757189519213,0.8
BranchlevelNum,16.GS.C3.CET.259.IB,0.440373752649571,0.00431743992263019,3.31707884430424,1,0.139037895914743,0.143077366198648,0.8
BranchlevelNum,18.GS.C4B.CET.600.setB.IK,1.6695336801744,0,2.15628711848122,1,0.256063904977479,0.255349977105329,0.9
BranchlevelNum,18.GS.C4B.CET.560.IK,0.865435309966006,0.0559928038734176,2.58702096587154,0.9,0.31587440208148,0.37888265060756,0.7
BranchlevelNum,20.GS.C5.CE.820.IB,0.177332914619404,0.0701248023760359,0.55662741076051,0.7,0.754821057189213,0.0892514214897693,0.7
BranchlevelNum,18.GS.C4B.CET.600.setA.IK,0,0.0101268827463841,2.7284269086033,0,0.416430525154721,0,NA
BranchlevelNum,19.GS.C4C.CE.822.IB,0.449025234331464,0.0949509035703113,3.18742583102913,0.8,0.258369276018001,0.272093580470033,0.6
FirstBranchHeight,19cet30PdIB,0.825623767261398,2.89913505150452e-17,4.11887869363578,1,5.74164371712028e-08,5.49579031410887e-14,1
FirstBranchHeight,19C2bCETnonGSumu,0.1974418159016,0,0.958032258064517,1,0.319265395160925,0.0619218072548278,0.8
FirstBranchHeight,19cet72selflineIB,0.721165344168274,2.32116394562731e-15,4.38084891522689,1,7.51362495661162e-08,1.09861007887724e-13,1
FirstBranchHeight,18CET122highTCIK,0.142356518714581,0,3.56338028169014,1,0.140315588999516,0.0894178810850726,0.6
FirstBranchHeight,18clonalevalPDIB,0.0665894111400008,0.0333233134800117,1.70057459994908,0.7,0.363689038386953,0.0562307540277365,0.4
FirstBranchHeight,21.CET.96.YRT.HAWAII.IB,0.674517779951735,0,2.78583442622524,1,0.157313066664069,0.139596685409925,0.9
FirstBranchHeight,21.CET.171.CIAT.IB,0.99271521609998,0.0310693390310711,2.95586622368953,1,0.101395893482342,0.0915365742767619,1
FirstBranchHeight,21cet284highTCIB,0.516666540751807,0.00437636884009662,4.37937764484134,1,0.054061085525971,0.0525173701851783,0.9
FirstBranchHeight,21cet325highTCIB,0.707980687295923,0.0119780543270643,3.94266642839306,1,0.125572686014251,0.181697650247024,0.9
FirstBranchHeight,19C2bCETGSumu,0.0670688723845644,0.00533379078213443,0.526044634519443,0.9,0.285906976734883,0.0178359406485413,0.9
FirstBranchHeight,18CET416highDMIK,0.440778037717886,0.0524885531388769,3.42387231159325,0.9,0.198849596600338,0.228539784734614,0.7
FirstBranchHeight,21.GS.C4B.PYT.272.IB,0,0.0368566863829,0.643241664520228,0,1.2656304074194,0,NA
FirstBranchHeight,17clonalevalpdIB,0.457549552555408,0.125988074694081,2.67993897098336,0.8,0.178040981708227,0.161726427701919,0.8
FirstBranchHeight,16.GS.C3.CET.259.IB,5.2619119609169e-10,0.00432919867635092,0.70380692946453,0,0.384682879888806,5.26191192165977e-10,0
FirstBranchHeight,19introLatAmeumu,0.148623407796115,0,0.705075829383879,1,0.176470698876641,0.0138025200968476,1
FirstBranchHeight,18clonalevalHighTCIB,0.477506588494049,0.115969910690914,4.00641041043311,0.8,0.159366680862154,0.227770061165073,0.7
FirstBranchHeight,17clonalevaIB,0.264549966227632,0.114897332602579,3.7600654814181,0.7,0.227683083528358,0.194743771930588,0.5
FirstBranchHeight,18.GS.C4B.CET.600.setB.IK,0.592947075067107,0,1.00775695970581,1,0.334604214379364,0.0944811908163152,0.9
FirstBranchHeight,18.GS.C4B.CET.560.IK,0,0,0.983427947598253,NA,0.490568307731833,0,NA
FirstBranchHeight,20.GS.C5.CE.820.IB,0,0.00229483052534418,0.655300977293503,0,1.56170962870977,0,NA
FirstBranchHeight,17clonalevalhighdmyldIB,0,0.130897836947876,2.68383371254142,0,0.156182573658413,0,NA
FirstBranchHeight,18.GS.C4B.CET.600.setA.IK,0.0344497029614289,0.00143644114544776,0.780089653496532,1,0.428582716236321,0.026201834144468,0.5
FirstBranchHeight,19.GS.C4C.CE.822.IB,0.111276010445045,0.000690686419858362,1.33067771658429,1,0.237530793572799,0.0520081703914986,0.7
FirstBranchHeight,18clonalevalHighDMIB,0,0.124500669700326,3.47566279981341,0,0.201482858687472,0,NA
PlantHeight,19C2bCETnonGSumu,0.0173726689499741,0,2.83083870967742,1,0.153873404861135,0.0158067621276612,0.3
PlantHeight,16C1aCETnonGSKano,0.0846245024891493,0.000928016351595088,1.12946385090987,1,0.185570571473899,0.0286700389695643,0.8
PlantHeight,19C2bCETGSumu,0.0223141493245772,0.00815277535757767,1.18256091358932,0.8,0.133791134527161,0.0119302425133984,0.7
PlantHeight,21.GS.C4B.PYT.272.IB,0.017929173479233,0.0101093904289093,0.848221839979781,0.7,0.142456475348599,0.00876333760539958,0.7
PlantHeight,16.GS.C3.CET.259.IB,0.0426056705474099,0.0208795477169218,1.73792498986972,0.7,0.118204479132876,0.0216646797336117,0.7
PlantHeight,19introLatAmeumu,0,0.0172934693372375,1.47515869196302,0,0.326806107134271,0,NA
PlantHeight,18.GS.C4B.CET.600.setB.IK,0.121098930688652,0.085691014583022,2.66157397875633,0.6,0.148796948311672,0.0686073461618849,0.7
PlantHeight,18.GS.C4B.CET.560.IK,0.075656759123359,0.0347324625605922,2.35115185792286,0.7,0.319357430592322,0.0664616860617482,0.3
PlantHeight,20.GS.C5.CE.820.IB,0.0187011451074357,0.0238298939588569,1.06946696243334,0.5,0.12503633392327,0.00925238683191632,0.7
PlantHeight,18.GS.C4B.CET.600.setA.IK,0.00615209304081883,0.0086519046993477,1.83027266527027,0.4,0.216296854902989,0.00590865564728676,0.2
PlantHeight,19.GS.C4C.CE.822.IB,0.0831810713844721,0.0286542365223502,2.33050743849574,0.8,0.0897387168018151,0.0303108058376448,0.8
PlantArchitecture,19cet30PdIB,0,0,3.4,NA,0.149971162164494,0,NA
PlantArchitecture,19C2bCETnonGSumu,0.0462403002785862,1.72692761529419e-11,4.70967741935744,1,0.0866819935132756,0.0356275211425303,0.5
PlantArchitecture,19cet72selflineIB,0.231269510880755,0,3.27419212794152,1,2.10357902363706e-06,4.70991150790614e-11,1
PlantArchitecture,18CET122highTCIK,0.346184646680717,0,2.55799337218604,1,3.06600489106074e-07,5.98474007408473e-13,1
PlantArchitecture,18clonalevalPDIB,0.76186587422224,0,2.07750952986023,1,5.61579656228283e-08,1.31956779822718e-14,1
PlantArchitecture,21.CET.96.YRT.HAWAII.IB,0.0128829776850734,0,2.99932118418651,1,0.152013923140594,0.0120016266428891,0.3
PlantArchitecture,21.CET.171.CIAT.IB,0.0920361958482636,0.0136258870808041,2.80077915237844,0.9,0.156204246607449,0.0619703268893042,0.6
PlantArchitecture,21cet284highTCIB,0.131304045789469,0,3.41784037558685,1,0.120527243903659,0.0731895833419132,0.7
PlantArchitecture,21cet325highTCIB,0.280673121136094,0.000683883273553999,3.39856591436478,1,0.0824164047376914,0.0599982625263107,0.9
PlantArchitecture,16C1aCETnonGSKano,2.73566971706103e-10,0.00659292825382278,2.53865894128727,0,0.33146146584872,2.73566971588802e-10,0
PlantArchitecture,19C2bCETGSumu,0,0.0468650728972058,4.15314801227264,0,0.301606882979068,0,NA
PlantArchitecture,18CET416highDMIK,0.287905340692657,0.0424505666276939,2.89993907918927,0.9,0.166390928721745,0.131062298905925,0.7
PlantArchitecture,17clonalevalpdIB,0.280438998964403,0.0696855240074808,2.67491435218041,0.8,0.135209452793828,0.0951230519677338,0.8
PlantArchitecture,16.GS.C3.CET.259.IB,0.312581175173315,0.0973160144556995,1.60327210271503,0.8,0.41382051352547,0.184540096203678,0.6
PlantArchitecture,19introLatAmeumu,0.775441912699382,0.0549187795314272,3.37225963766636,0.9,0.338899193400439,0.485129883150919,0.6
PlantArchitecture,18clonalevalHighTCIB,0.214867270033137,0.0694935651527796,3.46016471589484,0.8,0.100704963968598,0.0821283514095939,0.8
PlantArchitecture,17clonalevaIB,0,0.0336872433938231,3.39857700107184,0,0.187522974702839,0,NA
PlantArchitecture,18.GS.C4B.CET.600.setB.IK,0.864069512721875,0,2.62092687464018,1,0.23306186127889,0.258290474759139,0.8
PlantArchitecture,18.GS.C4B.CET.560.IK,0.571973618590822,0.0321718427811706,2.41909761722084,1,0.280771750483422,0.256306078293674,0.7
PlantArchitecture,17clonalevalhighdmyldIB,0,0.083788600380298,2.43395030286368,0,0.232548774089069,0,NA
PlantArchitecture,18.GS.C4B.CET.600.setA.IK,0,0,2.24448529411765,NA,0.489436454207332,0,NA
PlantArchitecture,19.GS.C4C.CE.822.IB,0.421338252140199,0,2.06595365418894,1,0.361649049408864,0.23646623732236,0.7
PlantArchitecture,18clonalevalHighDMIB,1.80846390137571e-08,0.11003227873098,3.13627371628701,0,0.170975157497094,1.80846378052961e-08,0
