Trait,Trial,VarG,VarE,Mean,H2,CV,PEV,Ac
BranchlevelNum,17.GS.C0.C1.AYT.20.setA.IB,0.611080096420281,0.464795976454758,2.39999999999999,0.8,0.284066446297842,0.125834329642687,0.9
BranchlevelNum,13Ayt16HighFlowerIB,0,0.712014814814815,3.35555555555556,0,0.251466467770485,0,NA
BranchlevelNum,17.GS.C1.PYT.20.IB,0.828947371372206,0.126315789083449,2.75000000000001,0.9,0.129239754947804,0.058686539203566,1
BranchlevelNum,19.GS.C3.UYT.28.AG,0.0752137685474568,0.399815991069294,2.49615235258923,0.3,0.25331388238829,0.051902245996831,0.6
BranchlevelNum,16.GS.C1.PYT.20.UB,0,0.242105263157895,3.2,0,0.153763103848951,0,NA
BranchlevelNum,21.Intro.Lat.Ame.UYT.30.IB,1.01034483307692,0.275862067787885,1.3,0.9,0.404019792552167,0.121362741675767,0.9
BranchlevelNum,17.GS.C2.res.AYT.14.IB,0.14487013207126,0.203822629102681,2.12473536786711,0.7,0.21248161200231,0.0481897856962741,0.8
BranchlevelNum,20.GS.C1.C2.C3.UYT.30.MK,0.39167771772239,0.297436795142349,2.6551724137931,0.7,0.205401976919819,0.109903330173759,0.8
BranchlevelNum,18.GS.C3.PYT.24.MK,0.765899188806673,0.255396586473267,2.84585148919989,0.9,0.177580515145998,0.113018423021924,0.9
BranchlevelNum,20.GS.C3.UYT.28.MK,0.229071998371199,0.256296883610333,3.40871739282249,0.6,0.148518538251507,0.0883821536981797,0.8
BranchlevelNum,21.GS.C4C.AYT.28.IK,0.114031198600315,1.24187697011878,1.56504596998076,0.1,0.712052782932557,0.0972072364045669,0.4
BranchlevelNum,20.GS.C1.C2.C3.UYT.30.IK,0.683283793989887,0.203458718950305,3.11636079658406,0.9,0.14474061730033,0.101181463749821,0.9
BranchlevelNum,21.GS.C3.C4.C4B.UYT.36.IB,0.612923278537036,0.316541421756237,1.55555555555555,0.8,0.361684375612947,0.130397438509041,0.9
BranchlevelNum,19.GS.C2.UYT.36.setA.ZA,7.40192251471953e-10,0.214960057357121,3.00000000016677,0,0.154545950496292,7.40192247378468e-10,0
BranchlevelNum,16.GS.C1.ungenotyped.AYT.21.IK,0.156638506627685,0.277156031933452,1.87130057597107,0.6,0.281331664794706,0.0643770852209023,0.8
BranchlevelNum,19.GS.C2.UYT.36.setA.AB,0.2041371555165,0.706978230203326,2.76421330928002,0.3,0.304180568151027,0.141184826943187,0.6
BranchlevelNum,20.GS.C1.C2.C3.UYT.30.IB,0.962538962962255,0.167081816310407,2.57142857142857,0.9,0.158960832577896,0.0792085234078855,1
BranchlevelNum,17.GS.C1.C0.AYT.25.IB,0.740190579378324,0.27410495524956,2.67999999999999,0.9,0.195354603314288,0.084074058761533,0.9
BranchlevelNum,21.GS.C1.C2.C3.C4.40.UYT.IB,0,0.652243589743589,2.05,0,0.393959020249055,0,NA
BranchlevelNum,21.GS.C1.C2.C3.C4.40.UYT.MK,0.503205131503646,0.408974357495473,1.575,0.7,0.406038749208242,0.145400757055016,0.8
BranchlevelNum,20.CMSSurveyVarieties.AYT.33.IB,0.309226953750983,0.339493158509963,3.11989558444375,0.6,0.186756382907891,0.113379644460627,0.8
BranchlevelNum,19.CASS.PYT.52.IK,0.262073417316756,0.0753709999421126,3.47180001677879,0.8,0.0790764997864986,0.0437218339474051,0.9
BranchlevelNum,19.GS.C4.PYT.80.SETA.AG,0.545383230771307,0.317393462468064,2.99340708877952,0.7,0.188205887828193,0.164432788766205,0.8
BranchlevelNum,21.GS.C4.AYT.45.IK,0.788195893823039,0.343851683455707,2.45032784824839,0.8,0.239310294713283,0.165707008515369,0.9
BranchlevelNum,19.GS.C2.UYT.36.setB.AB,0.742426272489301,0.390361427261688,3.16698934947541,0.8,0.197281720044905,0.180596596537633,0.9
BranchlevelNum,20.GS.C2.UYT.36.setA.IB,0.188521162391948,0.145745002313258,3.4113755101693,0.7,0.111909590956479,0.0586593864986073,0.8
BranchlevelNum,16.GS.C1.ungenotyped.AYT.21.UB,0.044320132297573,0.762439428046856,2.14628034394087,0.1,0.406833048723295,0.0378324971043142,0.4
BranchlevelNum,18.GS.C4.PYT.54.ON,0.415334570266405,0.406397506941342,2.51539876381013,0.6,0.253436215296769,0.17181076403223,0.8
BranchlevelNum,21.GS.C4.AYT.45.IB,0,0.815011988011988,2.255,0,0.400345961767067,0,NA
BranchlevelNum,12CETearlyBulkingDrtkano,0.142625208655919,0.191984871092322,1.03912947067467,0.7,0.421661395046905,0.0501618072780087,0.8
BranchlevelNum,20.GS.C2.UYT.36.setB.IB,0.281308706053174,0.218132928141714,3.3594575710953,0.7,0.1390245359614,0.0838025206970302,0.8
BranchlevelNum,20.GS.C4B.AYT.40.IK,0.568750928737256,0.135907662332998,3.24800472508768,0.9,0.11350247164347,0.0663005909312823,0.9
BranchlevelNum,20.GS.C1.C2.CMSSurveyVarieties.AYT.40.MK,0.264213404918058,0.334824430997626,2.11796317401892,0.6,0.273205957423135,0.10732179870431,0.8
BranchlevelNum,19.Hawaii.PYT.54.IK,0.608553560287561,0.155079598443306,2.78935436152141,0.9,0.141180151321758,0.0955981051846094,0.9
BranchlevelNum,20.GS.C4B.AYT.42.IK,0.819802323347115,0.22914404357766,2.98941658946958,0.9,0.160128208940624,0.102705647006356,0.9
BranchlevelNum,20.GS.C4B.AYT.60.IB,0.0914336564801157,0.214708464978863,0.478346279795538,0.5,0.968684125718858,0.0501280822028426,0.7
BranchlevelNum,20.GS.C4B.AYT.40.MK,0.151156440043635,0.226656138375888,3.33706310957628,0.5,0.142665618207219,0.0693032476235023,0.7
BranchlevelNum,18.GS.C1.C2.UYT.26.MK,0.2253869701916,0.273035037735267,3.26923076923076,0.7,0.15983195565873,0.0686403872310936,0.8
BranchlevelNum,18.GS.C3.AYT.30.UB,0.22856251599176,0.248570447555737,3.56285819206899,0.7,0.139934954240245,0.0666170010162737,0.8
BranchlevelNum,19.Hawaii.PYT.60.IB,0.798701298597908,2.17098950904e-10,2.75000392109261,1,5.35791166673677e-06,1.11263212322441e-10,1
BranchlevelNum,18.GS.C3.AYT.30.MK,0.23109051117643,0.186901469407999,3.47662108039292,0.8,0.12435091885816,0.0568265212713753,0.9
BranchlevelNum,18.GS.C3B.AYT.40.UB,1.20676925451382,0.437986498199003,2.4324581730464,0.9,0.272072708583744,0.133065643501726,0.9
BranchlevelNum,18.GS.C3.AYT.30.IK,0.181933099030143,0.215194262598656,3.03333333333333,0.7,0.152930886667618,0.0541411645944804,0.8
BranchlevelNum,19.Hawaii.PYT.60.IK,0.647362579009336,0.268213807527211,2.84114063474446,0.8,0.182283699495067,0.129944721171804,0.9
BranchlevelNum,17.CASS.PYT.46.setC.IB,0.515803867502115,0.231941194601342,2.80652641994663,0.8,0.171600998240472,0.0989422146857739,0.9
BranchlevelNum,18.CMSSurveyVarieties.AYT33.IB,0.0407358896976368,0.544458692250511,2.95773156982093,0.2,0.249473092687774,0.0337736764071974,0.4
BranchlevelNum,18.GS.C2.UYT.36.setA.AG,0.414166222594195,0.345186806594479,3.28127273797674,0.8,0.179054303605087,0.107941915114585,0.9
BranchlevelNum,18.GS.C1.UYT.34.IK,0.0776273801730777,0.555755103399671,2.90755647687055,0.3,0.25639737256196,0.0558012942991265,0.5
BranchlevelNum,18.GS.C1.UYT.34.OT,0.599848678677488,0.482865635994898,1.64705882352941,0.8,0.42189467082262,0.12823427951652,0.9
BranchlevelNum,18.GS.C2.UYT.36.setB.AG,0.399667605081549,0.346620262850749,3.31159092425255,0.8,0.177783024359502,0.101970748570612,0.9
BranchlevelNum,17.GS.C1.UYT.34.UM,0.475051375239398,0.537543800112457,2.79411764705883,0.7,0.262399039110885,0.132551046089242,0.8
BranchlevelNum,18.GS.C1.UYT.34.UM,0.142030166536707,0.256503856779096,3.25428886455248,0.6,0.155629115652371,0.0541966844934923,0.8
BranchlevelNum,17.GS.C1.UYT.34.IK,0.80332740050196,0.220142601418295,2.52941176470588,0.9,0.185495130340785,0.0672388563236543,1
BranchlevelNum,16.GS.C1.UYT.34.MK,0.313131315121271,0.239750445081891,1.76470588235294,0.8,0.277464469454431,0.0636676668079858,0.9
BranchlevelNum,16.GS.C1.UYT.34.UB,0.204396920133309,0.230837786105075,3.1764705882353,0.7,0.151254607095051,0.0559015838097477,0.9
BranchlevelNum,17.GS.C1.UYT.34.MK,0.313131315121271,0.239750445081891,1.76470588235294,0.8,0.277464469454431,0.0636676668079858,0.9
BranchlevelNum,17.GS.C1.UYT.34.UB,0.204396920133309,0.230837786105075,3.1764705882353,0.7,0.151254607095051,0.0559015838097477,0.9
BranchlevelNum,19.GS.C4B.PYT.78.MK,0.43508102483181,0.380345723376133,2.98478640822561,0.7,0.206621738001809,0.141036177203039,0.8
BranchlevelNum,17.GS.C3.PYT.60.UB,0.0288207015373152,0.245590510036312,3.65725719382226,0.2,0.135503429697267,0.0232260952766315,0.4
BranchlevelNum,19.GS.C4B.PYT.88.MK,0.396295240681989,0.259056538896477,3.18527307088859,0.7,0.159790372604349,0.100399016084612,0.9
BranchlevelNum,13NEXTgenC0IB,0.529883356191892,0.233566539101393,0.628883088054295,0.8,0.7684850035536,0.112667291636859,0.9
BranchlevelNum,14.GS.C0.PYT.88.IK,0.619500411687465,0.343838381624385,2.7765917048795,0.8,0.211186014928252,0.146112172762701,0.9
BranchlevelNum,19.GS.C4B.PYT.135.IK,0.402399397094583,0.152073654274838,3.4860481686393,0.8,0.111864840387082,0.0854839907747876,0.9
BranchlevelNum,19.GS.C4B.PYT.160.AB,1.48620694899316,0.174299691241685,1.68670686768138,0.9,0.247519087711805,0.085146807491802,1
BranchlevelNum,19.GS.C4.PYT.80.SETB.IK,0.478484733368148,0.305522521025819,2.65888788062499,0.8,0.207884251440694,0.119371292382413,0.9
BranchlevelNum,17.GS.C3.PYT.80.IB,0.336718663173449,0.435348837851033,3.05153831202228,0.7,0.216221993874305,0.128715994190019,0.8
BranchlevelNum,19.GS.C4.PYT.80.SETA.IK,0.599512081797566,0.274910695141444,2.33750000000002,0.8,0.224307708376198,0.113734471756513,0.9
BranchlevelNum,16.GS.C0.C1.AYT.58.IB,0.295888613323088,0.407149296246168,2.87678433021682,0.7,0.221804084696534,0.0991428548273348,0.8
BranchlevelNum,16.GS.C0.C1.AYT.58.IK,0.143600017283983,0.138323875874743,3.50517630120665,0.7,0.106105698334228,0.0365584906626451,0.9
BranchlevelNum,19.GS.C4B.PYT.88.AG,0.430618048445576,0.399233914661837,2.81370036991395,0.7,0.224561792325143,0.14362978065726,0.8
BranchlevelNum,13NEXTgenC0IK,0.389925469125581,0.254919535895946,1.22512508235501,0.7,0.412117567886751,0.106237363500611,0.9
BranchlevelNum,19.GS.C4B.PYT.132.IK,0.853063535537091,0.294476154435652,2.29136270244867,0.8,0.236827007254638,0.144826153408509,0.9
BranchlevelNum,19.GS.C4B.PYT.140.IB,0.622264460074376,0.559030667039077,2.1440220178788,0.7,0.348729410323877,0.2027242442235,0.8
BranchlevelNum,19.GS.C4B.PYT.135.UB,0,0.287483091719291,3.75609756097561,0,0.142747755815487,0,NA
BranchlevelNum,19.GS.C4B.PYT.500.IK,1.1781992563742,0.349278151742008,2.18083539917605,0.9,0.2709959635306,0.157979413913853,0.9
BranchlevelNum,21.GS.C4B.PYT.500.MK,0.29393358753935,0.211326020122528,1.82959328558341,0.7,0.251259174891984,0.0793460815970636,0.9
BranchlevelNum,20.GS.C4B.PYT.500.IK,0.617506272169634,0.243525256512999,2.12589467123806,0.8,0.232129460158156,0.101538643107127,0.9
FirstBranchHeight,17ayt28highDMIB,0,0,1,NA,0,0,NA
FirstBranchHeight,18ayt14wrthighDMIB,0,0,1,NA,0,0,NA
FirstBranchHeight,18ayt10highDMIK,0,0,1,NA,0,0,NA
FirstBranchHeight,15ayt14highDMIB,0,0,1,NA,0,0,NA
FirstBranchHeight,14uyt16pdIB,0,0,1,NA,0,0,NA
FirstBranchHeight,14uyt19yrtMK,0,0,1,NA,0,0,NA
FirstBranchHeight,20UYT4EVTMVZ,0.025266666788193,0.0280749999565968,0.639999999999999,0.7,0.261806188549441,0.00682899318207998,0.9
FirstBranchHeight,20UYT6EVTMVZ,0.0789401711074128,0.0723640652508522,1.23773851202447,0.7,0.217336452585581,0.0216889321776003,0.9
FirstBranchHeight,14uyt21pdIB,0,0,1,NA,0,0,NA
FirstBranchHeight,18ayt12highTCMK,0,0,1,NA,0,0,NA
FirstBranchHeight,18C1aUYTnonGSset1ikenne,0.0288550311943187,0.0402507566228505,1.0129599327514,0.5,0.198059079787256,0.0137125793041889,0.7
FirstBranchHeight,18C1aUYTnonGSset2onne,0.0946240179446221,0.0575006595110469,1.03453447082673,0.7,0.231788266219551,0.0302800243425448,0.8
FirstBranchHeight,20UYT8AEVTMVZ,0.0316291683784893,0.0129482139948594,0.628749999999999,0.9,0.180978479905776,0.00379782546958453,0.9
FirstBranchHeight,20UYT8BEVTMVZ,0.0752440516688203,0.0126624996856877,0.649999999999999,0.9,0.173119650696416,0.00399664070419983,1
FirstBranchHeight,20C1bUYT2nonGS_set2Ikenne,0.160888059046664,0.0739907002689909,1.1059948935265,0.9,0.245943555421645,0.0242831442598138,0.9
FirstBranchHeight,20C1bUYT2nonGS_set2onne,0.0138533330875202,0.0869342335197378,1.034,0.3,0.285150984887032,0.00937262994283666,0.6
FirstBranchHeight,20C1bUYT2nonGS_set2Umudike,0.0339094334117566,0.0229457999801742,0.458400000000001,0.8,0.330450940903399,0.00624090388591245,0.9
FirstBranchHeight,20C1bUYT2nonGS_set2kano,0,0.03112975,0.51775,0,0.340774986209528,0,NA
FirstBranchHeight,19C1bUYTnonGSset2ikenne,0.028981076577827,0.107601019838111,1.53013668862446,0.4,0.214376889520904,0.0172317281086479,0.6
FirstBranchHeight,13Ayt16HighFlowerIB,0.10298213955985,0.103910192081444,1.0129267407442,0.6,0.31823726793443,0.0407835583028502,0.8
FirstBranchHeight,19C1bUYTGSikenne,0.129590597747759,0.0510625237908527,1.28262159428697,0.8,0.176178371249655,0.0282766421638458,0.9
FirstBranchHeight,18C1aUYTnonGSset2umu,0.139286418046918,0.049276352904377,1.14933515732276,0.8,0.193140159969166,0.0250587850774775,0.9
FirstBranchHeight,20UYT14EVTMVZ,0.0561208793159541,0.0676104394871065,1.045,0.7,0.248823038432268,0.0160796195743991,0.8
FirstBranchHeight,19C1bUYTnonGSset2umu,0.0350189490770533,0.0226647014039514,0.807444444444443,0.8,0.186449983883092,0.00673591315503096,0.9
FirstBranchHeight,19C1bUYTnonGSset2onne,0.0224432800189471,0.0503954085725358,0.6168,0.6,0.363957874597621,0.00983373937113132,0.7
FirstBranchHeight,18C1aUYTnonGSset1kano,0.138327899588752,0.0397943941403076,0.55675,0.9,0.35830322967228,0.0199279814482819,0.9
FirstBranchHeight,18C1aUYTnonGSset2kano,0.0181473071900241,0.0299498590104314,0.4971875,0.5,0.348078492835939,0.00859155288926037,0.7
FirstBranchHeight,18ayt28highTCMK,0,0,1,NA,0,0,NA
FirstBranchHeight,18C1aUYTnonGSset1umu,0.0928126663947763,0.0507174238543549,0.925764705882353,0.8,0.243264072670189,0.0206745138689217,0.9
FirstBranchHeight,20AYT15Chitala,0.0236893068150132,0.00899821500323439,0.581473684210527,0.9,0.163135364772933,0.00292429464378691,0.9
FirstBranchHeight,20C1bUYTGSonne,0.151944083835057,0.0524941115281524,0.996438641488661,0.9,0.229934814998878,0.0181922009648259,0.9
FirstBranchHeight,19C1bAYTGSumu,0.0566169194342191,0.0503852495932142,0.623087118179161,0.7,0.360249124859805,0.0188913371294083,0.8
FirstBranchHeight,19C1bAYTGSkano,0.0119145517763526,0.00960123672357535,0.489874013111553,0.7,0.200022654833778,0.00362133694168477,0.8
FirstBranchHeight,20UYT19Kaoma,0.00557410137590979,0.00952232748013428,0.770947368421053,0.6,0.126574676537251,0.00202244860975592,0.8
FirstBranchHeight,20C1bUYTGSUmudike,0.0329931888484766,0.0195858479868241,0.75712832943502,0.8,0.184842440215411,0.0071902358617714,0.9
FirstBranchHeight,20UYT20Rufunsa,0.0323927806933607,0.0136593435556255,0.892799999999995,0.9,0.130906355669432,0.00399200071415151,0.9
FirstBranchHeight,20C1bUYTGSkano,0,0.0876733809523809,0.596214285714285,0,0.496628340706608,0,NA
FirstBranchHeight,20C2bPYTnonGSUmudike,0.0264342133664154,0.0276365420283515,0.525416666666666,0.6,0.316401115548893,0.00944429881646138,0.8
FirstBranchHeight,18C1aUYTGSumu,0.0782167041138575,0.0955709407609329,0.86183047633272,0.7,0.358708016767788,0.0251887136367759,0.8
FirstBranchHeight,18C1aGSUYTAbuja,0.11171395262367,0.0608466551238694,0.865979302681882,0.8,0.284846470312837,0.0211342915756857,0.9
FirstBranchHeight,17.GS.C1.PYT.20.IB,0.0465195114762378,0.0145605715749074,0.750649999999998,0.9,0.160750274361158,0.00677454899053793,0.9
FirstBranchHeight,19.GS.C3.UYT.28.AG,0.149857978862634,0.0823484468656895,0.825348114926044,0.8,0.347688673085002,0.0289243671733523,0.9
FirstBranchHeight,16.GS.C1.PYT.20.UB,0.00407315779022248,0.0258656579850321,0.5305,0.2,0.303163126397182,0.00309758285911116,0.5
FirstBranchHeight,18C1bAYTnonGSkano,0,0.0204443433048433,0.453666666666666,0,0.315173512686358,0,NA
FirstBranchHeight,19C1bUYTGSkano,0.00824646842275179,0.0296327516255288,0.477666666666667,0.5,0.36038031019783,0.00449431408499275,0.7
FirstBranchHeight,Cycle C1b genotyped non-selected_Kano,0,0.0204443433048433,0.453666666666666,0,0.315173512686358,0,NA
FirstBranchHeight,21.Intro.Lat.Ame.UYT.30.IB,0.0610440501490216,0.0176432410601967,0.642346024908061,0.9,0.206785528926732,0.00895348882313108,0.9
FirstBranchHeight,17.GS.C2.res.AYT.14.IB,0.019922992668504,0.0180447100901224,0.5037259474835,0.8,0.266673973512517,0.00484721061631667,0.9
FirstBranchHeight,20.GS.C1.C2.C3.UYT.30.MK,0.037382064402357,0.0482103595223318,0.721233333333333,0.6,0.3044348697588,0.0150817972726532,0.8
FirstBranchHeight,18.GS.C3.PYT.24.MK,0.0744146212449751,0.0201162985825663,0.498829812521743,0.9,0.284329312820495,0.00917757355749317,0.9
FirstBranchHeight,18C1bAYTGSset2umu,0,0.225563294301327,0.737619047619048,0,0.643875783474432,0,NA
FirstBranchHeight,20.GS.C3.UYT.28.MK,0.0785823255173153,0.0259418788447147,0.616523526419649,0.8,0.261246848139289,0.0124724785547531,0.9
FirstBranchHeight,21.GS.C4C.AYT.28.IK,0,0.174383836805556,0.87325,0,0.478205448602815,0,NA
FirstBranchHeight,20.GS.C1.C2.C3.UYT.30.IK,0.166314041037821,0.0176285541694219,0.86184830131416,0.9,0.154055609754931,0.00977221231388655,1
FirstBranchHeight,17C1aAYTnonGSset2umu,0.0271810639618657,0.0988185855885732,0.994562754484076,0.3,0.316072801258202,0.0179798269626296,0.6
FirstBranchHeight,21.GS.C3.C4.C4B.UYT.36.IB,0.00515038944706627,0.0363916719588913,0.592333333333333,0.2,0.322058548627193,0.00407449120583591,0.5
FirstBranchHeight,19.GS.C2.UYT.36.setA.ZA,0.00651377720003792,0.0179378294251791,0.274795782667745,0.4,0.487388055544571,0.00416933060221504,0.6
FirstBranchHeight,16.GS.C1.ungenotyped.AYT.21.IK,0.0642441367624796,0.0319883622153427,1.21776710549997,0.8,0.14686954988122,0.0107510443703574,0.9
FirstBranchHeight,19.GS.C2.UYT.36.setA.AB,0.00913973960743892,0.0515484067597654,0.577691608741279,0.2,0.393017206252302,0.00715995067376231,0.5
FirstBranchHeight,20.GS.C1.C2.C3.UYT.30.IB,0.0251115026344805,0.0127112733285651,0.494814814814814,0.8,0.227851469949932,0.00532138110338635,0.9
FirstBranchHeight,17.GS.C1.C0.AYT.25.IB,0.0543038177633487,0.0143709925361511,0.745120000000007,0.9,0.160885595123424,0.00463527001196411,1
FirstBranchHeight,19C1bUYTnonGSset1ikenne,0.158951741020136,0.0629124018933192,0.826945678916557,0.9,0.30331308821056,0.0221968449724978,0.9
FirstBranchHeight,19C1bUYTnonGSset1kano,0.0372894408785599,0.0238014445149842,0.508017192112955,0.8,0.30368493474141,0.00748058443154981,0.9
FirstBranchHeight,21.GS.C1.C2.C3.C4.40.UYT.IB,0.0635547283318241,0.014795330053394,0.783256410256409,0.9,0.155295321093552,0.00676418917829027,0.9
FirstBranchHeight,21.GS.C1.C2.C3.C4.40.UYT.MK,0.0282551210257748,0.00841223369907101,0.639650642809934,0.9,0.143388005542978,0.0038727040935506,0.9
FirstBranchHeight,20.CMSSurveyVarieties.AYT.33.IB,0.064650503325722,0.011897955983018,0.838476776449094,0.9,0.130090367522732,0.00597435442025191,1
FirstBranchHeight,19.CASS.PYT.52.IK,0.108886259644709,0.0265089487329952,0.955770522228062,0.9,0.170350189370074,0.0158172414894969,0.9
FirstBranchHeight,19.GS.C4.PYT.80.SETA.AG,0.00225732568794442,0.101642230869741,0.742238134684016,0,0.429530324892908,0.00218712780217504,0.2
FirstBranchHeight,21.GS.C4.AYT.45.IK,0.106650103630531,0.076063070356186,0.920809802983995,0.7,0.299513906714857,0.0329931448356585,0.8
FirstBranchHeight,19.GS.C2.UYT.36.setB.AB,0.00597941690429106,0.0191711114470802,0.509574169982963,0.3,0.271716642904345,0.0039325061968113,0.6
FirstBranchHeight,20.GS.C2.UYT.36.setA.IB,0.062206483839054,0.0183560030753089,0.735521168903256,0.9,0.184201806165359,0.00926943078249137,0.9
FirstBranchHeight,16.GS.C1.ungenotyped.AYT.21.UB,0.00484822990637318,0.0154591103148516,0.414237274518031,0.5,0.300153265423214,0.00254384553331978,0.7
FirstBranchHeight,18.GS.C4.PYT.54.ON,0.178435440877457,0.0581076169084532,1.2805624058349,0.8,0.188241677545891,0.0346510437648445,0.9
FirstBranchHeight,21.GS.C4.AYT.45.IB,0.0110271904426967,0.121206649314738,0.814529106675151,0.1,0.427421746571451,0.00948520699011507,0.4
FirstBranchHeight,12CETearlyBulkingDrtkano,0.00707198606355588,0.0563342712614621,0.817098983473898,0.2,0.290476946172803,0.00555438345546309,0.5
FirstBranchHeight,20.GS.C2.UYT.36.setB.IB,0.0754403628269938,0.0213384134663697,0.646147013499604,0.9,0.226073533155102,0.0102044772739655,0.9
FirstBranchHeight,20.GS.C4B.AYT.40.IK,0.170596922574534,0.027539954805629,0.938735307095344,0.9,0.176782169382279,0.0139953007410386,1
FirstBranchHeight,20.GS.C1.C2.CMSSurveyVarieties.AYT.40.MK,0.033554195758201,0.0107757317631753,0.601232032260429,0.9,0.172655841022313,0.00511094807213142,0.9
FirstBranchHeight,20C2a_bPYTGSUmudike,1.03009192336458e-16,0.0200687921087945,0.368292682926829,0,0.384651585149698,1.03009192336457e-16,0
FirstBranchHeight,19.Hawaii.PYT.54.IK,0.167973353740768,0.0718830412107311,1.06006063725036,0.8,0.252919615599007,0.0397528427425087,0.9
FirstBranchHeight,20.GS.C4B.AYT.42.IK,0.140814140415953,0.0547673137925774,0.988655723053568,0.8,0.236709471320335,0.0233839195531688,0.9
FirstBranchHeight,20.GS.C4B.AYT.60.IB,0,0.0234583070750238,0.381466666666667,0,0.401505722136197,0,NA
FirstBranchHeight,20C2aAYTGSUmudike,0.0758014296624836,0.0501646957331417,0.67021382410252,0.8,0.334184043637201,0.0172233233264869,0.9
FirstBranchHeight,20.GS.C4B.AYT.40.MK,0.0607414150873148,0.0118354183322824,0.57940274174535,0.9,0.187763538231097,0.00618213636781291,0.9
FirstBranchHeight,10uytCIATsetAUM,0.0343459168982577,0.111971559214322,0.703790115449937,0.5,0.475456402440293,0.0188352578285747,0.7
FirstBranchHeight,20C2aAYTGSonne,0.0863466647809635,0.034031015278805,0.973306073645071,0.9,0.189534388978857,0.0118576456481599,0.9
FirstBranchHeight,18.GS.C1.C2.UYT.26.MK,0.0621809178495665,0.0115170778134278,0.617307692307695,0.9,0.17384790512243,0.00397774180199774,1
FirstBranchHeight,18.GS.C3.AYT.30.UB,0.00571650728817797,0.0133878045871488,0.467599186121064,0.5,0.247446283721242,0.00264722125910736,0.7
FirstBranchHeight,19crossingblockCETubiaja,0.00410007633624403,0.100779614326133,0.407112814158813,0.1,0.779779069203875,0.00380296908356669,0.3
FirstBranchHeight,18.GS.C1.UYT.34.MK,0.0245361549123891,0.0255216571156072,0.465558823529411,0.7,0.34314673639541,0.00631698338411645,0.9
FirstBranchHeight,19.Hawaii.PYT.60.IB,0.208465930258372,0.00289107194911947,0.891045753494716,1,0.0603433539634264,0.00147491322014347,1
FirstBranchHeight,17.GS.C2.AYT.34.MK,0.0380061604546295,0.0110547502462176,0.373937475838796,0.9,0.281174204756147,0.00348490831042482,1
FirstBranchHeight,18.GS.C3.AYT.30.MK,0.0652693520698014,0.0117152327286679,0.578285235646681,0.9,0.187168756872101,0.00453482034584964,1
FirstBranchHeight,18.GS.C3B.AYT.40.UB,0.0243402621918247,0.0313250162506644,0.625970352550987,0.7,0.282743017128146,0.00830582011564488,0.8
FirstBranchHeight,18.GS.C3.AYT.30.IK,0.0182632706079598,0.0533207611278008,0.679599999999999,0.5,0.339777643390402,0.00931271187771999,0.7
FirstBranchHeight,19.Hawaii.PYT.60.IK,0.086643414654074,0.111646321240478,0.871295141606723,0.6,0.383492536712974,0.0375100577216124,0.8
FirstBranchHeight,11EarlyBulkingDrtKA,0.0118512846689538,0.0555168814105332,0.524716210874897,0.4,0.449043122699235,0.0077772914312461,0.6
FirstBranchHeight,17.CASS.PYT.46.setC.IB,0.0688095244808684,0.0119442073060232,0.590906771056104,0.9,0.184952284389769,0.00600412270674737,1
FirstBranchHeight,18.CMSSurveyVarieties.AYT33.IB,0.00571750898748812,0.063051621349583,1.08700339884903,0.2,0.231002791122538,0.00457605803692694,0.4
FirstBranchHeight,18.GS.C2.UYT.36.setA.AG,0.0564543384749479,0.0441345718731551,0.637453215348029,0.8,0.329565045401744,0.0140438652562954,0.9
FirstBranchHeight,18.GS.C1.UYT.34.IK,0.0644945024321197,0.0268119538848153,0.777701071721271,0.9,0.210548200726222,0.00855799372194795,0.9
FirstBranchHeight,18.GS.C1.UYT.34.OT,0.0314421757820085,0.0227894996858192,0.525749973814039,0.8,0.287136323738388,0.00649253872825861,0.9
FirstBranchHeight,18.GS.C2.UYT.36.setB.AG,0.101097828871675,0.058333934802609,0.574427057242186,0.8,0.420461027873346,0.0189104931892582,0.9
FirstBranchHeight,17.GS.C1.UYT.34.UM,0.0231577536845036,0.0231018265262277,0.649970588235292,0.7,0.233845735481258,0.00589234969761963,0.9
FirstBranchHeight,18.GS.C1.UYT.34.UM,0.0380745273826534,0.021751520103269,0.530908586340578,0.8,0.277795404660519,0.00623000194409252,0.9
FirstBranchHeight,17.GS.C1.UYT.34.IK,0.0681729812819798,0.0513736053640867,0.732956684676182,0.8,0.30923718599579,0.0139878127365464,0.9
FirstBranchHeight,16.GS.C1.UYT.34.MK,0.0583074005401306,0.0178364523602075,0.661470588235293,0.9,0.20190343175158,0.00539533323409826,1
FirstBranchHeight,16.GS.C1.UYT.34.UB,0.0279034170436915,0.0133300355492908,0.565588235294118,0.9,0.204133972254604,0.00383298065023496,0.9
FirstBranchHeight,17.GS.C1.UYT.34.MK,0.0585132841813119,0.0180088258049167,0.659117647058815,0.9,0.203600930806235,0.00544439544141728,1
FirstBranchHeight,17.GS.C1.UYT.34.UB,0.0272590684181716,0.0132327153720356,0.556588235294118,0.9,0.206676197789112,0.00379656662489316,0.9
FirstBranchHeight,19.GS.C4B.PYT.78.MK,0.0433780349361509,0.0272589059863284,0.638763520089733,0.7,0.258472358315124,0.0111560874918469,0.9
FirstBranchHeight,20AYTintroLatAmeUmudike,0.0647718332851825,0.0844518967189647,0.824032242145945,0.6,0.352663488482853,0.0239793120611807,0.8
FirstBranchHeight,20AYTintroLatAmekano,0.0101457811574067,0.022948630474739,0.618798769752493,0.5,0.244809882155519,0.0051451834632955,0.7
FirstBranchHeight,17.GS.C3.PYT.60.UB,0.0107775228225302,0.0129871463682243,0.472502309441023,0.6,0.241186464888696,0.00407764046833824,0.8
FirstBranchHeight,18C1bAYTGSset1umu,0.0201804085584069,0.206337750265661,0.913880708991972,0.2,0.497049722392012,0.0159308444131522,0.5
FirstBranchHeight,19.GS.C4B.PYT.88.MK,0.0443353599202429,0.0113936451394856,0.536773002369574,0.9,0.198856906997362,0.00523715636435518,0.9
FirstBranchHeight,18C1bAYTGSkano,0.0578188554708582,0.0804474923859712,0.795845420686415,0.7,0.3563916612506,0.0192050352211491,0.8
FirstBranchHeight,13NEXTgenC0IB,0.012728740634485,0.0457210605195943,0.308158472053214,0.3,0.693879466118589,0.00881297068234874,0.6
FirstBranchHeight,14.GS.C0.PYT.88.IK,0.0819869625299414,0.0236955986266026,0.945848694036536,0.9,0.162746693518688,0.011654164156813,0.9
FirstBranchHeight,19.GS.C4B.PYT.135.IK,0.0783903339297182,0.0100879646245724,1.10640579054583,0.9,0.0907794057027081,0.00668372193123845,1
FirstBranchHeight,19.GS.C4.PYT.80.SETB.IK,0.0830737158928018,0.0449141926455787,0.654587696208925,0.8,0.323760573569194,0.0184232920281698,0.9
FirstBranchHeight,17.GS.C3.PYT.80.IB,0.03150560169944,0.0379874080571146,0.69105172603984,0.7,0.282039070627947,0.0117521878387059,0.8
FirstBranchHeight,19.GS.C4.PYT.80.SETA.IK,0.0740646194027434,0.0306697334503399,0.549045161473945,0.8,0.318967865502306,0.0130544795450335,0.9
FirstBranchHeight,16.GS.C0.C1.AYT.58.IB,0.0461394760978596,0.0148871156003378,0.842584730315273,0.9,0.144807713451023,0.00492989137123007,0.9
FirstBranchHeight,16.GS.C0.C1.AYT.58.IK,0.0661981683151086,0.0172802400349849,1.17054478347014,0.9,0.112301834716964,0.00565202186971023,1
FirstBranchHeight,19.GS.C4B.PYT.88.AG,0.067326709035988,0.0521938723708561,0.803914808231954,0.7,0.284184070862838,0.0200109019821314,0.8
FirstBranchHeight,21.C1.C2.CMS.AYT.40.IB,0.0290194030637636,0.0860374201555952,0.970072877772433,0.6,0.30237043689221,0.0108753004196644,0.8
FirstBranchHeight,13NEXTgenC0IK,0.0317502566256762,0.0463658706598943,0.439575697544792,0.5,0.489852733381701,0.0150191114869714,0.7
FirstBranchHeight,21.C1.C2.CMS.AYT.40.MK,0.0408404770216865,0.0221228273716799,0.570017576317103,0.9,0.260934838848177,0.00358273066427801,1
FirstBranchHeight,19.GS.C4B.PYT.132.IK,0.196693682934218,0.0831189364440116,0.81846589227349,0.8,0.352248703161555,0.0391416365753513,0.9
FirstBranchHeight,19.GS.C4B.PYT.140.IB,0.0909899180811303,0.0839267921275638,0.922853101850752,0.7,0.313919096370646,0.0300409558209527,0.8
FirstBranchHeight,19.GS.C4B.PYT.135.UB,0,0.0252439371537035,0.374853658536584,0,0.423854493087416,0,NA
FirstBranchHeight,19C2aPYTGSumu,0,0.0476806872170712,1.02475773195876,0,0.213083611680184,0,NA
FirstBranchHeight,13CET518TP1umu,0.0406618875860694,0.0358237531690763,0.503473612047148,0.7,0.37593159610882,0.0110004211997792,0.9
FirstBranchHeight,13TP1CET518kano,0.0240422215687048,0.0344651046425372,0.525767749442028,0.6,0.353098487873296,0.0107948723836917,0.7
FirstBranchHeight,16.GS.SelGain.PYT.571.IB,0.00739866903100642,0.113128270574486,0.776830259043765,0.1,0.4329716295468,0.00661252000386996,0.3
FirstBranchHeight,13CET518TP1Otobi,0.0449061407594537,0.113182240192885,0.987311820195635,0.5,0.34074916975013,0.0237047675129181,0.7
FirstBranchHeight,19.GS.C4B.PYT.500.IK,0.0548946993050053,0.0440600658506943,0.627613664484374,0.7,0.334449214597543,0.016830330705827,0.8
FirstBranchHeight,21.GS.C4B.PYT.500.MK,0.0440003771210695,0.0227278736422928,0.618941308892108,0.8,0.243573442456464,0.00926886259450513,0.9
FirstBranchHeight,20.GS.C4B.PYT.500.IK,0.0582202722599476,0.0298058543390177,0.842931825486036,0.8,0.20481338537875,0.0119838758659415,0.9
FirstBranchHeight,12CET500TP1umu,0.00276493873574225,0.103970031430802,0.563723552584201,0.1,0.571989303643538,0.00257856736655192,0.3
PlantHeight,NPT_5CP_CHAMBEZI_TANZANIA,0.850374341138622,0.336068969988515,1.15280212517378,0.8,0.502874297681112,0.173831161035741,0.9
PlantHeight,19UYT4HYLD2KYK,0,0.0572222222222222,2.25,0,0.10631629699561,0,NA
PlantHeight,NPT_5CP_UKIRIGURU_TANZANIA,0.868004813282239,0.00624987882374257,1.13126251835957,1,0.069883138379931,0.00448689380539747,1
PlantHeight,19UYT4HYLDKYK,0.0200000000987717,0.0255555555170513,1.4,0.7,0.114186464754757,0.00597402597652624,0.8
PlantHeight,19AYT8HYLD2KYK,0,0.134318181818182,2.65,0,0.138299792420592,0,NA
PlantHeight,18UYT4HYLDKYK,0.00486111111162032,0.0261805555552285,2.725,0.4,0.0593776386508451,0.00278940470165798,0.7
PlantHeight,18uyt4USavannahKYK,0.0029166666593733,0.0239583333386756,2.725,0.3,0.0568017603152219,0.00196150097150349,0.6
PlantHeight,20Ayt9BestPerforming-Chambezi,0.124776391350799,0.0778722212761786,2.28444444444445,0.8,0.122154840393316,0.0296758483294452,0.9
PlantHeight,NPT_5CP_BUNDA_TANZANIA,0.296995924781996,0.434003341109219,1.11309547610416,0.6,0.591853361749047,0.120556900849095,0.8
PlantHeight,18ayt5USavannahKYK,0,0.08075,1.72,0,0.165212467888173,0,NA
PlantHeight,18AYT6HYLDKYK,0,0.0873125,1.65,0,0.179082961419302,0,NA
PlantHeight,18Pyt13Chambezi,0.0831775154181789,0.00923331455172808,2.28612437193784,0.9,0.0420318941610467,0.00535810755897346,1
PlantHeight,19AYT8HYLDKYK,0.0292857194331586,0.0102380944722127,1.525,0.9,0.0663498159753471,0.00305651857527939,0.9
PlantHeight,20UYT4EVTMVZ,0.0420805577115431,0.0359583326879281,2.1675,0.8,0.0874864243649687,0.00932889420201729,0.9
PlantHeight,IITA_2015_GXE_KIZIMBANI_FIRST_SEASON,0,0.96394781010101,1.3265,0,0.740149595625611,0,NA
PlantHeight,IITA_2016_GXE_KATRIN_SECOND_SEASON,0.76545329531106,0.143052826528514,1.25093849071275,0.9,0.302351596337867,0.0990946357429775,0.9
PlantHeight,20Uyt15BestPerforming-Chambezi,0.0645784046710288,0.0259292089925482,2.31315194492458,0.9,0.0696130196292941,0.00797552755785565,0.9
PlantHeight,IITA_2015_GXE_NALIENDELE_FIRST_SEASON,0.240585913738034,0.217255593752684,0.750726892135112,0.7,0.620874052712521,0.0909052137103969,0.8
PlantHeight,19PYT14Kabangwe,0.0073264609830848,0.0327641872670699,0.926285714285714,0.3,0.195413576609686,0.00506242458758745,0.6
PlantHeight,IITA_2016_GXE_MARUKU_SECOND_SEASON,0.834360505929274,0.232804630550024,1.34996689997224,0.8,0.357414927596003,0.145766348884856,0.9
PlantHeight,13uyt15umu,0.0609452655011999,0.0138864233642887,2.71807785083865,0.9,0.0433544128848811,0.00671056020935032,0.9
PlantHeight,18UYT11WrtKabangwe,0,0.0322611360501567,1.38981818181818,0,0.129235503580126,0,NA
PlantHeight,18UYT11WrtRufunsa,0,0.0788700426332288,1.362,0,0.206195379967774,0,NA
PlantHeight,20Ayt13BestPerforming_Ilonga,0.0897050010702783,0.019256458144186,1.876875,0.9,0.0739354729748075,0.00869497848785418,1
PlantHeight,17localcultivar11Chitedze,0.00997391495021362,0.0378162789196644,0.835545454545454,0.4,0.232739081101926,0.00556816288230177,0.7
PlantHeight,18UYT11WrtKaoma,0.00689921202790405,0.0322562303683824,0.982181818181819,0.4,0.182858400123341,0.00420257456995541,0.6
PlantHeight,18UYT11WrtMansa,0,0.0365193939393939,1.23727272727273,0,0.154452997347963,0,NA
PlantHeight,20UYT6EVTMVZ,0.0402078204570897,0.0182690190366159,2.09986580669112,0.9,0.0643674156285827,0.00564781090219207,0.9
PlantHeight,IITA_2016_GXE_BUNDA_SECOND_SEASON,0.318614064333762,0.228616909458306,0.601108483032298,0.7,0.795428811794392,0.107805273143295,0.8
PlantHeight,20UYT12RefColMLG,0.029544750706979,0.0555260122837634,2.12441666666667,0.6,0.110919663272939,0.0113797113056832,0.8
PlantHeight,21UYT10Chitala,0.0190573926066553,0.0533796010747408,1.49494546613615,0.5,0.154547616479661,0.00972168584500245,0.7
PlantHeight,17AYT17Chitala,0.000212293326012633,0.000172979879496274,0.134379530423799,0.8,0.097873400118762,5.52288829628088e-05,0.9
PlantHeight,IITA_2015_GXE_MARUKU_FIRST_SEASON,0,0.482964400400641,1.0106,0,0.687667130218133,0,NA
PlantHeight,kbh_2017_18_pyt_8,0,0.0666351779642546,2.53309677419355,0,0.101906057267484,0,NA
PlantHeight,21UYT-Y-12RUFUNSA,0.0243780477243981,0.0745120533200166,1.17042857142857,0.5,0.233221374651528,0.0126503568301696,0.7
PlantHeight,21UYT(Y)12KABANGWE,0,0.0990638597168597,1.17042857142857,0,0.268913563395828,0,NA
PlantHeight,IITA_2015_GXE_UKIRIGURU_FIRST_SEASON,0.195111650909618,0.33505214539553,1.22861867517379,0.5,0.47112818797544,0.0957327068882325,0.7
PlantHeight,21UYT(Y)12MANSA,0.0470753712944393,0.0340281681448042,0.982428571428573,0.8,0.187766582023325,0.00914036810597999,0.9
PlantHeight,KBH_2017_18_PYT_5,0.0329314496054683,0.125148599393632,1.75507458287147,0.3,0.201566066139884,0.0221625970485982,0.6
PlantHeight,16ayt15Chitala,0.029724400551126,0.0163820129131828,1.3,0.8,0.0984555674667357,0.0047337355885147,0.9
PlantHeight,18UYT9MKONDEZI,0.109665174476672,0.120565174475734,1.49736363636364,0.8,0.231890874008798,0.0236430421903838,0.9
PlantHeight,IITA_2015_GXE_CHATO_FIRST_SEASON,0.00786365974541789,0.481117474801398,0.355059640105806,0,1.9535487670725,0.00754517531418591,0.2
PlantHeight,19pyt22VForestKYK,0,0.181206349206349,2.24666666666667,0,0.18947331934894,0,NA
PlantHeight,20AYT15RefColMLG,0.103763842285368,0.048646573807484,1.69380000000001,0.9,0.130215895085707,0.0140239541270489,0.9
PlantHeight,IITA_2016_GXE_CHATO_SECOND_SEASON,0.284877863578963,0.0538445185277694,0.640457165502442,0.9,0.362310282795192,0.0318489992680979,0.9
PlantHeight,18C1aUYTnonGSset1ikenne,0.0433843834319767,0.0153227939579235,2.61510966504201,0.8,0.047334639631148,0.00826131830598288,0.9
PlantHeight,IITA_2016_GXE_UKIRIGURU_SECOND_SEASON,0.266528394487811,0.613683953247286,0.960145916654443,0.4,0.815896639610487,0.152378001424022,0.7
PlantHeight,14pyt21pdyrtIB,0,0.255562619198983,1.38461538461539,0,0.365106455998542,0,NA
PlantHeight,18C1aUYTnonGSset2onne,0.00268680948219553,0.0299052966190521,2.608004924925,0.1,0.0663079574338249,0.00236290335846751,0.3
PlantHeight,18C1bAYTnonGSset3otobi,0.0166357531026186,0.101689779272216,1.54338285131695,0.2,0.20661649114094,0.0126755847474146,0.5
PlantHeight,18UYT9NJUL,0.081848863165509,0.0302402985242926,1.53925,0.9,0.112975396648395,0.00692082390473714,1
PlantHeight,20UYT8AEVTMVZ,0.0326125010059459,0.0210482140402921,2.26625,0.8,0.0640176619222524,0.00577390555020797,0.9
PlantHeight,20UYT8BEVTMVZ,0,0.0996440476190476,2.1875,0,0.144303750472358,0,NA
PlantHeight,18UYT17YrtKabangwe,0.015851149447789,0.0170759280151367,1.2586989583524,0.7,0.103817432666948,0.0043481959680687,0.9
PlantHeight,18UYT17YrtKaoma,0,0.0363736545609548,0.885529411764707,0,0.215372613762277,0,NA
PlantHeight,18UYT17YrtMansa,0.00204013862652231,0.0262890726278544,1.21729411764706,0.2,0.133196284299655,0.00166140515245437,0.4
PlantHeight,19C1aUYTGSikenne,0.059425130501254,0.0590550020831049,3.07882487257037,0.7,0.078930228158298,0.0183789059610402,0.8
PlantHeight,18UYT17YrtRufunsa,0,0.0374868823529412,1.36105882352941,0,0.142253436355369,0,NA
PlantHeight,21UYT-W-13KAOMA,0.0199542417832558,0.015645857396138,1.45494117647059,0.8,0.0859714494193953,0.0041346454937377,0.9
PlantHeight,IITA_2015_GXE_BUNDA_FIRST_SEASON,0.20085375025271,0.165760844786616,0.595952895351979,0.7,0.683170400627137,0.0597204065387552,0.8
PlantHeight,20UYT30CBSDMLG,0.0734183114129058,0.0296838376775459,1.44316666666666,0.9,0.119383287697078,0.00892096246898533,0.9
PlantHeight,21AYT16Chitala,0.0341101335244795,0.0416304045605864,1.28803095638272,0.7,0.158408694472711,0.0105087431020403,0.8
PlantHeight,20Ayt28Chambezi,0.0355656346369921,0.16750213112686,2.05107142857143,0.3,0.199539731513028,0.0252766225512675,0.5
PlantHeight,20UYT30CBSDBLG,0.0306989520824791,0.0635477030776582,1.81767753547662,0.6,0.138686149012648,0.0125339934797071,0.8
PlantHeight,21UYT14RUFUNSA,0.0172216384128967,0.0255346361363421,1.21555555555556,0.7,0.131458909175038,0.00569625422314556,0.8
PlantHeight,19Ayt17BestPerforming_Ilonga,0.101076999839378,0.0512906902524286,2.20765601693432,0.8,0.102585945735465,0.0175820181972666,0.9
PlantHeight,20Ayt28WhiteFlesh-Chambezi_setA,0.0181925854556492,0.238112440492796,1.95285714285714,0.1,0.249873712039194,0.0157811242857822,0.4
PlantHeight,20C1bUYT2nonGS_set2Ikenne,0.0918106252154042,0.0564995475577206,2.10471428571428,0.8,0.112935202831121,0.0164811019400772,0.9
PlantHeight,20C1bUYT2nonGS_set2onne,0.00904544441502646,0.0349782222416118,1.76657142857143,0.4,0.105868720477224,0.00509371052475346,0.7
PlantHeight,20C1bUYT2nonGS_set2Umudike,0.0265311111716961,0.0262071904561605,1.21285714285714,0.8,0.133475200591674,0.00657185671102306,0.9
PlantHeight,20UYTYrII19KAOMA,0.0274511239193451,0.0128959958897872,1.534,0.9,0.0740290341822796,0.00371666069787295,0.9
PlantHeight,19C1aUYTGSumu,5.82426561321076e-05,0.000153653563300249,0.127620886431198,0.5,0.0971291439923644,2.96826761711147e-05,0.7
PlantHeight,20C1bUYT2nonGS_set2kano,0,0.0470140158730159,1.51057142857143,0,0.143539823789029,0,NA
PlantHeight,12uyt15yrt8AIB,0.0677015527736489,0.0258689404318245,2.07926666666668,0.9,0.077353350410587,0.00590331690009292,1
PlantHeight,18UYT9CHITEDZE,0.0269036725059907,0.0285627110369378,0.756466666666665,0.8,0.223413759800361,0.00564294675646924,0.9
PlantHeight,19C1bUYTnonGSset2ikenne,0,0.0277299731922399,2.77371428571429,0,0.060036173160316,0,NA
PlantHeight,19PYT22HYLD2KYK,0,0.181571428571428,2.24666666666667,0,0.189664090791535,0,NA
PlantHeight,20UYTYrII16KABANGWE,0.0236094844055181,0.0616909858544611,1.2674,0.5,0.195973411324733,0.0109907827764908,0.7
PlantHeight,20UYTYrII16MANSA,0.0212706948446872,0.0219506525948726,1.3672,0.7,0.108365657025263,0.00544415498639389,0.9
PlantHeight,18PYT28HYLD2KYK,0.0476521950350304,0.0544527411476893,2.40983781181161,0.7,0.0968327039114958,0.0152587287350938,0.8
PlantHeight,18pyt28VForestKYK,0.0483865364454758,0.0557919183935946,2.44954334539454,0.7,0.0964274136895878,0.0155847899072754,0.8
PlantHeight,19C1aUYTGSotobi,0.166220182763827,0.0472730180640886,2.18890909090908,0.9,0.0993296579682922,0.0143931976098585,1
PlantHeight,21PYT20YellowKABANGWE,0.0495817796552439,0.0557773239994538,1.18290909090909,0.7,0.199653748183691,0.0135219195183803,0.9
PlantHeight,NGTZ18KBH_AYT3,0.0050697754870017,0.125145359123053,2.32863486186994,0.1,0.151916861463005,0.00471104232326908,0.3
PlantHeight,19C1aUYTnonGSikenne,0.0174432368937656,0.0112437842677048,2.71192857142857,0.8,0.0391001123715669,0.00376966833171337,0.9
PlantHeight,19C1bUYTGSikenne,0.00624871775394166,0.0522055383665827,2.73028068872907,0.2,0.0836856496783119,0.00522288524753811,0.4
PlantHeight,19AYT30CBSDBLG,0.102984582840903,0.054226469658007,1.51494601174812,0.8,0.15371226053591,0.0178949911502435,0.9
PlantHeight,19C1bAYTGSotobi,0.0153739441191145,0.0397931288896379,2.116,0.4,0.0942732286423524,0.00867264699012022,0.7
PlantHeight,20C2bPYTnonGSOtobi,0.00450203218900058,0.0375018175579769,1.63566459193898,0.2,0.118394603100419,0.0037657305235698,0.4
PlantHeight,19PYT22HYLDKYK,0,0.202147440519106,1.305,0,0.344527277080309,0,NA
PlantHeight,19pyt22USavannahKYK,0,0.193226107506208,1.33,0,0.33050745626325,0,NA
PlantHeight,21PYT22WhiteKABANGWE,0.0219686295509176,0.0196413141016455,0.97338461538462,0.8,0.143979543621119,0.00504391423096623,0.9
PlantHeight,20pyt42HTCbulkIB,0.0937311468703264,0.0451449557376884,1.75134827504113,0.8,0.121319914851468,0.0193608887172816,0.9
PlantHeight,19AYT30CBSDKIL,0.0836390612056457,0.0635740101578385,1.50823946062145,0.8,0.167174296497563,0.01865496272138,0.9
PlantHeight,20AYT27Kabangwe,0.00164214242523914,0.0214513574912954,1.36817067775701,0.3,0.10705010848824,0.00112867713417728,0.6
PlantHeight,13pyt20nr12UM,0.137733085584045,0.149087207484404,2.19271893094672,0.7,0.176091026025041,0.0494903743612971,0.8
PlantHeight,18C1aUYTnonGSset2umu,0.0563937104378917,0.0179439852334713,2.16348418127858,0.8,0.0619164043069353,0.00920852862896863,0.9
PlantHeight,20UYT14EVTMVZ,0.0249904762090584,0.0715437728828332,2.44357142857143,0.5,0.109461370411142,0.012202917756712,0.7
PlantHeight,19C1bUYTnonGSset2umu,0.00787444440468433,0.0481188889188447,1.335,0.3,0.164314742169273,0.00528154139001603,0.6
PlantHeight,19C1bUYTnonGSset2onne,0,0.0644973098290598,1.3606,0,0.186655303292602,0,NA
PlantHeight,18C1aUYTnonGSset1kano,0.0380819009566697,0.0413075948147192,2.201375,0.6,0.0923253417932352,0.0145955112951614,0.8
PlantHeight,19AYT30Mansa,0.00304430666229922,0.0232877359480551,0.94041379310345,0.3,0.162272394150778,0.00218672348390389,0.5
PlantHeight,18C1aUYTnonGSset2kano,0.00879145467726576,0.0641040204485858,1.941,0.2,0.130441894800376,0.00700312308022794,0.5
PlantHeight,19AYT30CBSDMLG,0.0526380061102856,0.135053613205884,1.91683333333333,0.5,0.191720587344145,0.0242653185946105,0.7
PlantHeight,19AYT30Kabangwe,0.0107576184006872,0.0346278482697667,1.1688,0.5,0.159210809320664,0.00556815038394792,0.7
PlantHeight,19C1aUYTnonGSkano,0.0279297207692572,0.0216256888513963,1.28173333333333,0.8,0.114732721713999,0.00572973774018185,0.9
PlantHeight,18C1bAYTnonGSset1Otobi,0.0598106970406009,0.0564789125080158,1.72331688785926,0.7,0.137904366946026,0.0200046645849809,0.8
PlantHeight,18PYT28HYLDKYK,0.0511864465043176,0.0491945127696863,1.44583469296965,0.8,0.153405061926788,0.0123132024302294,0.9
PlantHeight,18pyt28USavannahKYK,0.051117123269569,0.0462552243635278,1.45748793768876,0.8,0.147562303721433,0.0117683569328991,0.9
PlantHeight,20PYTYrII37KABANGWE,0.0402162256813667,0.0752602483840983,0.821832619305898,0.6,0.333810081521679,0.0163362552294786,0.8
PlantHeight,19PYT51Kabangwe,0.0550938924095652,0.039444227300004,1.265178678053,0.7,0.156978386982516,0.0150114913596667,0.9
PlantHeight,19C1aUYTnonGSonne,0.0354740805440323,0.096240096303036,1.90335294117647,0.5,0.162989150763877,0.0168458972821683,0.7
PlantHeight,19C1aUYTnonGSumu,0.0324356353920245,0.0197674836450606,1.35176470588235,0.8,0.104009878990717,0.00547661100868065,0.9
PlantHeight,19C1bUYTGSumu,0.0243085080661696,0.0289281902877311,0.551312551772926,0.7,0.308505387469868,0.00740221678375554,0.8
PlantHeight,18C1aUYTnonGSset1umu,0.0268885599897439,0.0197041171538649,1.98416666666667,0.7,0.0707457477345547,0.00721021252234957,0.9
PlantHeight,19C1bUYTGSotobi,0.018367161459084,0.0240263256135383,2.04511111111111,0.7,0.0757925939923654,0.00557699501431602,0.8
PlantHeight,20AYT15Chitala,0.0646111048667631,0.0228685410006635,1.19915789473685,0.9,0.126108063821796,0.00750096250327491,0.9
PlantHeight,20C1bUYTGSonne,0.10531166723172,0.0645954842919491,1.72438461538461,0.8,0.147389633792918,0.0184029676548994,0.9
PlantHeight,19C1bAYTGSumu,0.0662208420347656,0.0135815755377581,1.32336842105263,0.9,0.0880631689864184,0.00615917882320867,1
PlantHeight,19C1bAYTGSkano,0.0190613041101957,0.0284631286450117,1.17578947368421,0.6,0.14348673386323,0.00814805657444167,0.8
PlantHeight,20UYT19Kaoma,0.00762628092708218,0.0144722455043288,1.45378947368421,0.6,0.082749702412071,0.00295491818117485,0.8
PlantHeight,20C1bUYTGSUmudike,0.0395105319762652,0.039703616934961,1.235,0.7,0.161342238609794,0.00991379224694348,0.9
PlantHeight,20PYT38Chitala,0.0409248760980348,0.0617263083812461,1.28375367556075,0.7,0.19353229737979,0.014675280608267,0.8
PlantHeight,18AYT40NM,0.0412200870364837,0.0369292943871988,2.19074999999998,0.8,0.0877188005202228,0.00947900206914775,0.9
PlantHeight,20UYT20Rufunsa,0.0141160398708527,0.0329151831195401,1.65505,0.6,0.109619298672747,0.00617342078284441,0.8
PlantHeight,20C1bUYTGSkano,0,0.0444211666666667,1.34342857142857,0,0.1568846307367,0,NA
PlantHeight,KBH_2017_18_PYT_2,0.0218939340571667,0.0913835992906173,2.30601207641876,0.3,0.131090902198008,0.0156520518004073,0.5
PlantHeight,20PTY49Kabangwe,0.00553492018532289,0.0423476938330468,0.941736320448759,0.4,0.218517167231159,0.00366771216280195,0.6
PlantHeight,17C1aAYTGSOtobi,0.0345082027079581,0.0335503341599994,1.30721528282033,0.7,0.140120380644391,0.0120828001730261,0.8
PlantHeight,20C2bPYTnonGSUmudike,0.00813342372050662,0.0447534219857725,1.05795833333333,0.3,0.199960659498024,0.00596520709220504,0.5
PlantHeight,17C1aAYTGSumu,0.0524691742590256,0.0440342267222198,1.33138297812286,0.7,0.157613054974043,0.0168064484607544,0.8
PlantHeight,19C1bUYTnonGSset1umu,0.0326093979548819,0.0308964807266104,1.20244444444444,0.7,0.146180514714118,0.00861636052371252,0.9
PlantHeight,18C1aUYTGSumu,0.0528771805439852,0.10885115524084,1.87453453513256,0.6,0.176004217743245,0.0230958968953084,0.8
PlantHeight,19C1bUYTnonGSset1otobi,0.0139164885559046,0.0383956561941204,1.9545,0.5,0.10025484556839,0.00672094684913342,0.7
PlantHeight,18C1aGSUYTAbuja,0.0864534611246517,0.0519652951090787,1.9932806802839,0.8,0.114363711576898,0.0158174532274117,0.9
PlantHeight,13AYT25umu,0.0431952411072359,0.0802540991041405,2.01356566961254,0.6,0.140691485076547,0.0169483789574292,0.8
PlantHeight,17.GS.C1.PYT.20.IB,0.0288093954355042,0.0250016246753883,1.59575,0.7,0.099087589283808,0.00871796258878456,0.8
PlantHeight,19.GS.C3.UYT.28.AG,0.0607790815692251,0.0162746234111471,2.5019417113077,0.9,0.0509892103675071,0.00614098111233161,0.9
PlantHeight,16.GS.C1.PYT.20.UB,0.0015841598299441,0.0273814952921589,1.0395,0.1,0.159185712956012,0.00141986669947849,0.3
PlantHeight,18C1bAYTnonGSkano,0.051315927425822,0.0604220889325242,2.11540740740741,0.6,0.116199389713818,0.0190158879854032,0.8
PlantHeight,19C1bUYTGSkano,0.0289269324125925,0.0176710487762622,1.2125,0.8,0.109635049126785,0.00489382670691961,0.9
PlantHeight,Cycle C1b genotyped non-selected_Kano,0.051315927425491,0.0604220889327032,2.11540740740741,0.6,0.11619938971399,0.0190158879853932,0.8
PlantHeight,21.Intro.Lat.Ame.UYT.30.IB,0.0555049952909652,0.0186453350821258,1.54339999999999,0.9,0.0884721538755357,0.00798200328934707,0.9
PlantHeight,17.GS.C2.res.AYT.14.IB,0.0709997395206116,0.0281745708893525,1.16657142857143,0.9,0.143885595836643,0.00829438057427839,0.9
PlantHeight,20.GS.C1.C2.C3.UYT.30.MK,0.067310669880065,0.0348309119230906,1.61723333333333,0.8,0.115401044162793,0.0141396303731447,0.9
PlantHeight,18.GS.C3.PYT.24.MK,0.0469539107003013,0.00864184366310145,1.70365548950676,0.9,0.0545659129331053,0.00410209196522866,1
PlantHeight,18C1bAYTGSset2umu,0,0.10011220920384,2.02391304347826,0,0.156333364036398,0,NA
PlantHeight,21PYT58Chitala,0.0464432255720859,0.0344395880298266,1.18786885245901,0.8,0.156228577771934,0.00920465168461266,0.9
PlantHeight,16PYT62Chitala,0.0350477361516203,0.0331764236942869,1.30607370518273,0.8,0.1394591771327,0.00849834444581412,0.9
PlantHeight,20.GS.C3.UYT.28.MK,0.116897311322174,0.0762980619242007,2.04367325637965,0.7,0.135159100067183,0.0315470371278882,0.9
PlantHeight,21.GS.C4C.AYT.28.IK,0.00199094269759468,0.0707972252597042,2.18488765706145,0.1,0.121780851727392,0.00189045174953585,0.2
PlantHeight,20.GS.C1.C2.C3.UYT.30.IK,0.0865528212210738,0.0181259535920378,2.29411050670379,0.9,0.0586862146746118,0.009460117656996,0.9
PlantHeight,21.GS.C3.C4.C4B.UYT.36.IB,0.0383985859897144,0.0209596418393696,1.46816666666667,0.8,0.0986090032544158,0.00852876383606925,0.9
PlantHeight,19.GS.C2.UYT.36.setA.ZA,0.0207383702924025,0.0127888658680926,1.10535461326436,0.7,0.102309129171259,0.00607838187890189,0.8
PlantHeight,16.GS.C1.ungenotyped.AYT.21.IK,0.0257667888482477,0.0238591559105525,2.44818706340625,0.8,0.0630932557949119,0.00638882309353994,0.9
PlantHeight,20C2aAYTGSOtobi,0.0343077070803134,0.0179355607757374,1.63514343563258,0.8,0.0819033423024578,0.00576300379680437,0.9
PlantHeight,19.GS.C2.UYT.36.setA.AB,0.0459797415191108,0.0496232597842504,1.36457804275859,0.6,0.163246645607326,0.0189942170402886,0.8
PlantHeight,20.GS.C1.C2.C3.UYT.30.IB,0.122560330129806,0.0173062321674181,1.52042857142858,0.9,0.0865237314427355,0.00833541283284601,1
PlantHeight,17.GS.C1.C0.AYT.25.IB,0.0271139696079296,0.0252342624307772,1.53768,0.8,0.103306902945147,0.00659507634425069,0.9
PlantHeight,19C1bUYTnonGSset1ikenne,0.0387458497511444,0.0294650976625637,1.644,0.8,0.104412412208042,0.00836112081170671,0.9
PlantHeight,19C1bUYTnonGSset1kano,0.0219519802935706,0.0392565424778072,1.22259259259259,0.6,0.162059413576071,0.00881701433158268,0.8
PlantHeight,21.GS.C1.C2.C3.C4.40.UYT.IB,0.033167795200439,0.0124114409361497,1.8508,0.8,0.06019377930212,0.00522762730382434,0.9
PlantHeight,21.GS.C1.C2.C3.C4.40.UYT.MK,0.0356332284379005,0.00844564098104118,1.36654999999999,0.9,0.0672497666080902,0.00377540501973004,0.9
PlantHeight,20.CMSSurveyVarieties.AYT.33.IB,0.0690860685569686,0.025871197695049,1.95465890499599,0.8,0.0822881474020627,0.0115019732687607,0.9
PlantHeight,19.CASS.PYT.52.IK,0.121525872756672,0.00766206814057412,2.48920876850839,1,0.0351650859145257,0.00518497743503077,1
PlantHeight,19.GS.C4.PYT.80.SETA.AG,0.0142775573103067,0.0163137540669058,2.69641438058143,0.6,0.0473685750947198,0.00634380995620478,0.7
PlantHeight,21.GS.C4.AYT.45.IK,0.0349669094020874,0.0186776871260095,2.58492772092157,0.8,0.0528704667087287,0.00888027876197719,0.9
PlantHeight,19.GS.C2.UYT.36.setB.AB,0.0901994331724816,0.0104553964386236,1.47590996722662,0.9,0.0692804000306376,0.00607995308523561,1
PlantHeight,20.GS.C2.UYT.36.setA.IB,0.0838051396596477,0.019978914771839,1.99941125017264,0.9,0.0706942051203897,0.0104094079662599,0.9
PlantHeight,16.GS.C1.ungenotyped.AYT.21.UB,0.00505779489739805,0.0249956937199405,1.03655114297603,0.4,0.152525291048162,0.00316886276418185,0.6
PlantHeight,18.GS.C4.PYT.54.ON,0.0424106044427047,0.0399333966971804,2.2761585630387,0.6,0.087794157058156,0.0164055106253502,0.8
PlantHeight,21.GS.C4.AYT.45.IB,0,0.0941112070707071,1.91568888888889,0,0.160138476159782,0,NA
PlantHeight,12CETearlyBulkingDrtkano,0.00426262656703585,0.0546519964036591,0.960672791263825,0.2,0.243347856411631,0.00353757562983106,0.4
PlantHeight,20.GS.C2.UYT.36.setB.IB,0.0456562297717651,0.0317621841055138,1.78392022275362,0.7,0.0999032808104243,0.0126001014012227,0.9
PlantHeight,20.GS.C4B.AYT.40.IK,0.0508659597896858,0.0245161418634215,2.45118403171077,0.8,0.0638778285107543,0.0106394111090308,0.9
PlantHeight,20.GS.C1.C2.CMSSurveyVarieties.AYT.40.MK,0.0350334628850399,0.0121966559161198,1.19137960988615,0.9,0.0926979698674629,0.00523170127399129,0.9
PlantHeight,20C2a_bPYTGSUmudike,0.0259617240936225,0.0446597257469691,1.08612244897959,0.5,0.194571503897766,0.0120046114733131,0.7
PlantHeight,19.Hawaii.PYT.54.IK,0.0738706830471783,0.0617855052649215,2.39020328019939,0.6,0.103994043123839,0.0275877877103597,0.8
PlantHeight,20.GS.C4B.AYT.42.IK,0.0828812570127527,0.0109075894310983,2.31249785263586,0.9,0.0451630281205994,0.00524268826728467,1
PlantHeight,20.GS.C4B.AYT.60.IB,0.00668429392319066,0.0140717272686418,0.72482640428082,0.5,0.163658926822177,0.00348391713940768,0.7
PlantHeight,20C2aAYTGSUmudike,0.0659577202542958,0.124346121966498,1.19765731364593,0.6,0.29443101203213,0.0290347147702743,0.7
PlantHeight,20.GS.C4B.AYT.40.MK,0.0342948197095852,0.0653687952357975,1.81257809329348,0.5,0.141055009202445,0.0177428883302328,0.7
PlantHeight,10uytCIATsetAUM,0.0379877591166142,0.116697496780262,1.67618109131523,0.5,0.203802652938864,0.0202057044395336,0.7
PlantHeight,20C2aAYTGSonne,0.0318134365101819,0.0577195724824849,2.22715030957489,0.6,0.107872818083917,0.0131047355767028,0.8
PlantHeight,18.GS.C1.C2.UYT.26.MK,0.0346185249456388,0.0223223793764242,2.22923076923076,0.8,0.067021665139945,0.00658897658660395,0.9
PlantHeight,17C1bCETnonGSumu,0.0434060636971887,0.142110365616301,1.81949410861694,0.4,0.207186867694617,0.0277986662184294,0.6
PlantHeight,18.GS.C3.AYT.30.UB,0.0133955889028082,0.0127041719432594,1.4685357972965,0.7,0.076751813192776,0.003501561265709,0.9
PlantHeight,19crossingblockCETubiaja,0.0474814180482507,0.070259747717406,1.62388978157892,0.6,0.163228783523201,0.0206608987286254,0.8
PlantHeight,18.GS.C1.UYT.34.MK,0.0540958034767908,0.0284908356169732,1.27141176470587,0.9,0.132759732216305,0.00807867079374892,0.9
PlantHeight,19.Hawaii.PYT.60.IB,0.162749318493429,0.000926766369372311,2.30412145941762,1,0.013212340699654,0.000473553857902738,1
PlantHeight,17.GS.C2.AYT.34.MK,0.0367645009725271,0.0281858757353689,1.07294285714286,0.8,0.156472915092069,0.00748298891838233,0.9
PlantHeight,18.GS.C3.AYT.30.MK,0.0335337664121166,0.0209516949874315,2.37814292140572,0.8,0.0608655611388733,0.00678521012682748,0.9
PlantHeight,18.GS.C3B.AYT.40.UB,0.0449346157970056,0.031309516020904,1.48552588295125,0.8,0.119112668437228,0.00863045779745787,0.9
PlantHeight,18.GS.C3.AYT.30.IK,0.092905747944402,0.0823972917994694,1.6098,0.8,0.178313631890662,0.0224226165130356,0.9
PlantHeight,18C1bAYTGSOtobi,0.0465420924675106,0.0732237904974931,2.23543624104387,0.6,0.121049727446378,0.0164499728931528,0.8
PlantHeight,17C1aAYTnonGSkano,0.0280613007225072,0.0837807555001125,1.45471638695862,0.4,0.198972842884043,0.0180031741588112,0.6
PlantHeight,19.Hawaii.PYT.60.IK,0.0546087386941917,0.047276013912829,2.3695487988164,0.7,0.0917602881831463,0.0186191909759255,0.8
PlantHeight,11EarlyBulkingDrtKA,0.015577375564071,0.0685713452280811,1.32739814286604,0.4,0.197274126496376,0.00975401708509003,0.6
PlantHeight,17.CASS.PYT.46.setC.IB,0.0461767615710431,0.0219580080973817,1.50549789302053,0.8,0.0984274691730448,0.00926210890543404,0.9
PlantHeight,18.CMSSurveyVarieties.AYT33.IB,0.0144081615691844,0.0785758005492312,1.84567499014651,0.3,0.151876010272908,0.00956326078686215,0.6
PlantHeight,18.GS.C2.UYT.36.setA.AG,0.0357229999152469,0.0517199215126688,2.04457036765577,0.6,0.111231262446503,0.0134504618680462,0.8
PlantHeight,18.GS.C1.UYT.34.IK,0.0578109638504736,0.0251709894233219,1.49486593141927,0.9,0.106132379023736,0.00798114716683889,0.9
PlantHeight,18.GS.C1.UYT.34.OT,0.0266708987624078,0.0168966379782572,1.08070588235294,0.8,0.120279782525995,0.00470214211635912,0.9
PlantHeight,18.GS.C2.UYT.36.setB.AG,0.0626028424874172,0.0670916867061569,2.10134063013307,0.7,0.123264465632522,0.0181063249677137,0.8
PlantHeight,17.GS.C1.UYT.34.UM,0.0438076961196148,0.00977970415977264,1.0725,0.9,0.0922073536255987,0.00311439877520602,1
PlantHeight,18.GS.C1.UYT.34.UM,0.0503105192690611,0.0327803431682004,1.15926622541412,0.8,0.156179333368079,0.00917623006620688,0.9
PlantHeight,17.GS.C1.UYT.34.IK,0.0701354980420658,0.0239161698303651,1.66888235294117,0.9,0.0926659306997621,0.00715838772907697,0.9
PlantHeight,16.GS.C1.UYT.34.MK,0.0397133401759253,0.0172104276470563,1.2635294117647,0.9,0.103827040567964,0.00501269762490488,0.9
PlantHeight,16.GS.C1.UYT.34.UB,0.0361247777879699,0.0101549613040125,1.24764705882354,0.9,0.0807694990467334,0.0030949793600026,1
PlantHeight,17.GS.C1.UYT.34.MK,0.0380769470312396,0.0205704839380775,1.26367647058823,0.8,0.113497515661484,0.00581048611452736,0.9
PlantHeight,17.GS.C1.UYT.34.UB,0.0359716299723327,0.0113459761322724,1.24117647058824,0.9,0.0858197803989618,0.00342218926144984,1
PlantHeight,19.GS.C4B.PYT.78.MK,0.0485591028671118,0.0232383596292017,1.64327769588314,0.8,0.0927666286369905,0.0101366946512756,0.9
PlantHeight,20AYTintroLatAmeUmudike,0.0314235431481787,0.0814045943685371,1.23873366386153,0.5,0.230327884185701,0.0151011827413025,0.7
PlantHeight,20AYTintroLatAmekano,0.0209528864821505,0.0835897736103087,1.29795448927901,0.4,0.222749690677998,0.0127782677774054,0.6
PlantHeight,17.GS.C3.PYT.60.UB,0.0280129473616274,0.0222413984746357,0.982882118988401,0.7,0.151732848583759,0.00806198806673178,0.8
PlantHeight,18C1bAYTGSset1umu,0,0.0873740581209749,1.92049122807017,0,0.153914283776939,0,NA
PlantHeight,19.GS.C4B.PYT.88.MK,0.0568316384677555,0.0165972956210374,1.54582379599851,0.9,0.0833409940689806,0.00743677246234395,0.9
PlantHeight,18C1bAYTGSkano,0.0336939975922101,0.0388856907570427,1.47307018971975,0.7,0.133866364211226,0.00960874905624458,0.8
PlantHeight,13NEXTgenC0IB,0.0488784011966053,0.0427162017754397,1.16887806248052,0.7,0.176818257658527,0.0170382166061907,0.8
PlantHeight,14.GS.C0.PYT.88.IK,0.0496535157652084,0.0350925257474688,2.08891982195915,0.7,0.0896779233058013,0.0139776579860127,0.8
PlantHeight,19.GS.C4B.PYT.135.IK,0.040808536886062,0.0161925364024784,2.53950070434702,0.8,0.0501082347556936,0.00899976465998778,0.9
PlantHeight,19.GS.C4.PYT.80.SETB.IK,0.0427011107990573,0.0795827434651607,1.95232785811044,0.5,0.144496291788648,0.0208705973474468,0.7
PlantHeight,17.GS.C3.PYT.80.IB,0.028241388893101,0.0526277706260861,1.7292947293681,0.6,0.132659534422124,0.0132340462774977,0.7
PlantHeight,19.GS.C4.PYT.80.SETA.IK,0.0952202706158434,0.0668557632311186,1.73625,0.7,0.148921419364602,0.0251053952990814,0.9
PlantHeight,16.GS.C0.C1.AYT.58.IB,0.0395287424501064,0.0688276528352902,1.68978339923226,0.6,0.155256732027737,0.0152528252068256,0.8
PlantHeight,16.GS.C0.C1.AYT.58.IK,0.0429407792016002,0.0476546502216962,2.25333182598296,0.7,0.0968785193053472,0.0121153603729225,0.8
PlantHeight,19.GS.C4B.PYT.88.AG,0.0157243174447814,0.0782881238600134,1.99336527006398,0.3,0.140365719248256,0.0114098974177054,0.5
PlantHeight,21.C1.C2.CMS.AYT.40.IB,0.0228152410956544,0.133667635589388,2.20267754581042,0.5,0.165982464391261,0.011768310337065,0.7
PlantHeight,13NEXTgenC0IK,0.123946718507354,0.160763084964409,1.13444610411606,0.6,0.353434790910451,0.0531159769008134,0.8
PlantHeight,21.C1.C2.CMS.AYT.40.MK,0.0615618687131525,0.0264857653739487,1.46741208423743,0.9,0.110905777954214,0.00410686450493316,1
PlantHeight,19C2aPYTGSOtobi,0.0596175019497011,0.104713660468742,1.97324720511738,0.5,0.163991060500368,0.0291065729731136,0.7
PlantHeight,19.GS.C4B.PYT.132.IK,0.0964949429015467,0.0399612520747961,2.07151161965702,0.8,0.0965010791246815,0.0182964255011431,0.9
PlantHeight,15CETtp1set2umu,0,0.207796486314029,1.85283505154639,0,0.246026756898039,0,NA
PlantHeight,19.GS.C4B.PYT.140.IB,0.0405544673675538,0.0216749588946977,1.69599151422652,0.8,0.0868071436722407,0.00906615909940761,0.9
PlantHeight,19.GS.C4B.PYT.135.UB,0,0.0545958881169465,1.1720081300813,0,0.199365195625056,0,NA
PlantHeight,19C2aPYTGSumu,0.010157886906348,0.0228018366026736,0.445154917478361,0.4,0.339213977546274,0.00614042490327116,0.6
PlantHeight,13CET518TP1umu,0.0644270578694904,0.141092098856134,1.70826719275095,0.5,0.219884971013523,0.0322672192495112,0.7
PlantHeight,13TP1CET518kano,0.0174157508273489,0.0363720861105257,0.758275376962795,0.5,0.251511097128541,0.00822459410502425,0.7
PlantHeight,16.GS.SelGain.PYT.571.IB,0,0.0983689567968594,1.9304492481203,0,0.16246905126919,0,NA
PlantHeight,13CET518TP1Otobi,0.0729454845734278,0.248510426754074,1.47307898830094,0.4,0.338412403713442,0.0418664618286394,0.7
PlantHeight,19.GS.C4B.PYT.500.IK,0.0807598315410576,0.0374554834536958,1.54491332372387,0.8,0.125271877054818,0.0155877485105355,0.9
PlantHeight,21.GS.C4B.PYT.500.MK,0.0322965332414141,0.055422083760584,1.28152617265537,0.6,0.183702025539509,0.0149254602850991,0.7
PlantHeight,20.GS.C4B.PYT.500.IK,0.073237843070756,0.0439702007315182,1.81589251239496,0.8,0.115475296556846,0.0168607608801749,0.9
PlantHeight,12CET500TP1umu,0.00578943992975612,0.114966553258248,1.39616487442996,0.1,0.24285611767607,0.00505132161583851,0.4
PlantArchitecture,17ayt28highDMIB,0,0,1,NA,0,0,NA
PlantArchitecture,18ayt14wrthighDMIB,0,0,1,NA,0,0,NA
PlantArchitecture,18ayt10highDMIK,0,0,1,NA,0,0,NA
PlantArchitecture,15ayt14highDMIB,2.84134444338235,0.126374622122253,1.95741691874036,1,0.181612859819754,0.0611618808349096,1
PlantArchitecture,14uyt16pdIB,0,0,1,NA,0,0,NA
PlantArchitecture,14uyt19yrtMK,1.99999999721555,1.88271569131421e-09,2.00000062727957,1,2.16951291211051e-05,1.4904832543499e-09,1
PlantArchitecture,15ayt16sel16IB,0.439965426689139,0.143678708622987,2.80367928072951,0.9,0.135197255572185,0.0675747574472851,0.9
PlantArchitecture,16ayt16ppdIB,0.27193039971121,0.244681911927417,2.67982597363559,0.7,0.184584122200563,0.0871549290259932,0.8
PlantArchitecture,13uyt15umu,0.309534741352922,2.58225008792666e-15,2.42424242424242,1,2.09615360010609e-08,1.44483040633991e-15,1
PlantArchitecture,19.East-africa.PYT.16.AG,0.308333334957476,0.0979166662752065,2.81249999999999,0.9,0.111259160402895,0.0422497569304058,0.9
PlantArchitecture,13PYT17mpopfumu,0.694736870535352,0.130263153405776,2.6,0.9,0.138815335065601,0.0595488705131227,1
PlantArchitecture,13pyt20yrtIB,1.92631585092179,0.119736838509265,2.4,1,0.144179213392656,0.0580638396504801,1
PlantArchitecture,20C1bUYTGSOtobi,0.192307693027371,0.377289376932998,2.64285714285714,0.6,0.232414703721844,0.0760372066245276,0.8
PlantArchitecture,14uyt21pdIB,0.421052631578947,6.38161360058044e-16,1.5,1,1.68412372210865e-08,3.39023222530835e-16,1
PlantArchitecture,18ayt12highTCMK,0.121052961289976,0.246673738692256,1.2400285871003,0.5,0.400525121455423,0.0582524680208027,0.7
PlantArchitecture,18C1aUYTnonGSset1ikenne,0.457142857142855,2.93915418586431e-15,2.4,1,2.2589152793648e-08,2.05740793010501e-15,1
PlantArchitecture,14pyt21pdyrtIB,0.553220443104358,1.1674869952451,1.64125184894337,0.4,0.658340840282801,0.32056403353911,0.6
PlantArchitecture,18C1aUYTnonGSset2onne,0.453574507397867,0.48068522178519,3.18866996328127,0.6,0.21743067513376,0.191766525582824,0.8
PlantArchitecture,19C1aUYTGSikenne,0.389560370440165,0.430895486970123,2.09919049580239,0.7,0.31270449301157,0.12951113245811,0.8
PlantArchitecture,15ayt18highTCIB,0.401960788574745,0.136165576724867,3.49999999999999,0.9,0.105430343277743,0.0407833586758307,0.9
PlantArchitecture,20C1bUYT2nonGS_set2Ikenne,0.218487394957983,6.8930420931515e-16,1.57142857142857,1,1.67074750075415e-08,2.4618007475541e-16,1
PlantArchitecture,20C1bUYT2nonGS_set2onne,1.45238100873721,0.277777772858903,2.71428571428571,0.9,0.194174942326207,0.0870433777488695,1
PlantArchitecture,20C1bUYT2nonGS_set2Umudike,2.6349206500058,0.873015870871986,3.71428571428572,0.9,0.251556626234053,0.262062630529229,0.9
PlantArchitecture,19C1aUYTGSumu,0.722790499559603,0.103658500691108,1.92934952679796,0.9,0.166875103703712,0.0410173644599597,1
PlantArchitecture,20C1bUYT2nonGS_set2kano,0,1.57142857142857,2.71428571428571,0,0.461840230915375,0,NA
PlantArchitecture,19C1bUYTnonGSset2ikenne,0.354995955393899,0.18579569454891,2.24101783776144,0.8,0.192341283391153,0.0727608757076829,0.9
PlantArchitecture,13Ayt16HighFlowerIB,0.509579086551936,0.508848849538309,2.25716003647407,0.7,0.316032717876565,0.184863015956824,0.8
PlantArchitecture,17AYT21NM,1.38050658413677e-31,1.38050658413677e-31,3,0.8,1.2385056336555e-16,3.45126646034193e-32,0.9
PlantArchitecture,13Ayt16ICTIB,1.22083334191613,0.299999999350199,2.56249999999999,0.9,0.213745388063213,0.0706591638716993,1
PlantArchitecture,19C1aUYTGSotobi,1.57878795669023,0.293939387305041,3.18181818181818,0.9,0.170393699854574,0.0922544707406377,1
PlantArchitecture,15.GS.C1.AYT.28.IK,0.636453474744222,0.358977394770776,2.73913043478261,0.8,0.218736287744284,0.102430342960434,0.9
PlantArchitecture,19C1aUYTnonGSikenne,0.70250822546851,0.448881859300677,2.57142857142857,0.8,0.260550290788632,0.150799992944027,0.9
PlantArchitecture,19C1bUYTGSikenne,0.317456357333822,0.261457579656784,2.64963364394823,0.7,0.192981104920694,0.114693452326166,0.8
PlantArchitecture,19C1bAYTGSotobi,0.91228071731939,0.511695900839575,3.52631578947368,0.8,0.20285455648213,0.199811166509077,0.9
PlantArchitecture,20C2bPYTnonGSOtobi,0.355467036562042,0.35891812609516,2.97042761393721,0.6,0.201687379028381,0.139892986456621,0.8
PlantArchitecture,13pyt20nr12UM,0.65208803725692,0.214110102620545,2.96350253926981,0.9,0.156139676817892,0.09854265591848,0.9
PlantArchitecture,18C1aUYTnonGSset2umu,0.452801454615277,0.0893091310325878,2.44213423755238,0.9,0.122370969163603,0.0491335933572745,0.9
PlantArchitecture,13ayt21highTCIB,0.295238108848861,0.280952377674686,1.61904761904762,0.8,0.32738345948665,0.0567395687596564,0.9
PlantArchitecture,19C1bUYTnonGSset2umu,0.992592645939661,0.359259251084433,3.5,0.9,0.171252111820003,0.106860688217077,0.9
PlantArchitecture,19C1bUYTnonGSset2onne,0,0,4,NA,0,0,NA
PlantArchitecture,18C1aUYTnonGSset1kano,0.217049399655699,0.151870213490618,3.875,0.7,0.100569107241345,0.0624600184297185,0.8
PlantArchitecture,13uyt30yrtUB,0,0,1,NA,0,0,NA
PlantArchitecture,18C1aUYTnonGSset2kano,6.20338363680473e-12,0.0331632652999191,4,0,0.0455269599385347,6.20338363462901e-12,0
PlantArchitecture,19C1aUYTnonGSkano,0.590476438691028,0.0222222176377821,3.73333333333336,1,0.0399297811937423,0.00731563276587354,1
PlantArchitecture,18C1bAYTnonGSset1Otobi,0.280758683398199,0.656159042584227,3.36321230719271,0.5,0.24085201029009,0.155068060735706,0.7
PlantArchitecture,13ayt24ppdIB,1.0461957134358,0.347373182301098,2.79166666666668,0.9,0.211122530487289,0.0801870746275448,1
PlantArchitecture,18ayt28highTCMK,0.0156926231232757,0.242684729658446,1.56486065014488,0.2,0.314807851349408,0.0132812134404041,0.4
PlantArchitecture,12PYT36genpyramOtobi,1.14627484109357,0.0775137334349884,2.3641906796333,1,0.117762448445755,0.031748747194155,1
PlantArchitecture,19C1aUYTnonGSonne,0.401960798775735,0.35539215242936,2.94117647058824,0.8,0.202690238592869,0.0914981375843891,0.9
PlantArchitecture,19C1aUYTnonGSumu,0.292892158116405,0.172794117361492,3.1764705882353,0.8,0.130863833457629,0.0481326271441276,0.9
PlantArchitecture,19C1bUYTGSumu,0.372549021963089,0.107843136957112,2.50000000000001,0.9,0.131357915304476,0.0327843136611676,1
PlantArchitecture,18C1aUYTnonGSset1umu,0.598039241720807,0.169934634762043,2.83333333333333,0.9,0.145493395745829,0.0743972211986058,0.9
PlantArchitecture,19C1bUYTGSotobi,0.37145970453199,0.358387796458822,3.61111111111111,0.8,0.165781381708982,0.090392189063721,0.9
PlantArchitecture,20C1bUYTGSonne,1.52821714889366,0.218273796537716,3.23076923076923,1,0.144608846902727,0.0719445332953347,1
PlantArchitecture,19C1bAYTGSumu,1.08771934846261,0.54970758548062,2.89473684210526,0.8,0.256127833758753,0.219411185588197,0.9
PlantArchitecture,19C1bAYTGSkano,0.134502919484669,0.581871348677795,3.26315789473684,0.3,0.233762798607188,0.0919796608698152,0.6
PlantArchitecture,20C1bUYTGSUmudike,0.930403263964337,0.163003636137644,2.14285714285715,0.9,0.188410641015186,0.0513365465275874,1
PlantArchitecture,13uyt30yrtIBA,1.07416432181839,0.506544240596484,2.16730629826349,0.9,0.328388846231204,0.112561866198159,0.9
PlantArchitecture,20C2bPYTGSumudike,0.0808469543414403,0.282162649346333,2.99303796282936,0.4,0.177475143862018,0.051940024888665,0.6
PlantArchitecture,20C1bUYTGSkano,0.00549450480833268,0.335164835829225,3.71428571428572,0,0.155866906487288,0.00523694992658534,0.2
PlantArchitecture,11ayt32whtrtIB,0.0648342103560241,0.430418224173921,2.21294812641564,0.4,0.296465452596744,0.0397205919505692,0.6
PlantArchitecture,15.GS.C1.AYT.44.IK,0.773960540667928,0.152219872695321,2.5681818181818,0.9,0.151918236439663,0.0476181657155507,1
PlantArchitecture,17C1aAYTGSOtobi,0.509491872383288,0.365765331030924,3.08170371186658,0.7,0.196250326448502,0.145456563376696,0.8
PlantArchitecture,13AYT70mpopfOtobi,0,0.978200692041521,2.6,0,0.380400110915915,0,NA
PlantArchitecture,17.CASS.PYT.49.setA.IB,0.0962300472122296,1.86841891967678e-15,1.28125,1,3.37367505334322e-08,6.6729247131313e-16,1
PlantArchitecture,20C2bPYTnonGSUmudike,0.297101441501185,0.782608701287148,2.91666666666667,0.4,0.303309168039167,0.168878716548399,0.7
PlantArchitecture,17C1aAYTGSumu,0.0680808359172395,1.01314899956443,2.62366627787964,0.1,0.383643696294779,0.0605965034584982,0.3
PlantArchitecture,19C1bUYTnonGSset1umu,0.713985462207275,0.670989984146991,3.74074074074074,0.7,0.218977961800842,0.187543553325274,0.9
PlantArchitecture,18C1aUYTGSumu,0,0.443683270409613,2.77777777777778,0,0.239794394940928,0,NA
PlantArchitecture,19C1bUYTnonGSset1otobi,1.22024455644488,0.352111842858425,3.38461538461541,0.9,0.175319810259297,0.108871241608409,1
PlantArchitecture,14CETtp2set2umu,0.0531144720913551,0.47585281945319,2.9866799025684,0.2,0.23096578237734,0.0451015832719513,0.4
PlantArchitecture,18C1aGSUYTAbuja,0.621774398758673,0.719382826676778,3.0889034932458,0.7,0.274584294537832,0.18675810728677,0.8
PlantArchitecture,13AYT25umu,0.796283778305448,0.637273785829397,2.89600281386018,0.8,0.275653840505669,0.174589585810511,0.9
PlantArchitecture,17.GS.C1.PYT.20.IB,0.768421073516405,0.119736839289679,1.65,0.9,0.209715220163663,0.0555411552036465,1
PlantArchitecture,12PYT75genpyramUM,0.34392211725116,0.369293535300302,1.76460046322895,0.7,0.344381222732992,0.120331909506955,0.8
PlantArchitecture,16.GS.C1.PYT.20.UB,0.315789469156391,0.731578950531069,1.9,0.5,0.450170466490832,0.169477747460448,0.7
PlantArchitecture,18C1bAYTnonGSkano,0,0.0356125356125356,4,0,0.0471782097560248,0,NA
PlantArchitecture,19C1bUYTGSkano,0.143790850109592,0.156862744944019,3.77777777777778,0.7,0.104839151557825,0.0383442265829433,0.9
PlantArchitecture,Cycle C1b genotyped non-selected_Kano,0,0.0356125356125356,4,0,0.0471782097560248,0,NA
PlantArchitecture,17.GS.C2.res.AYT.14.IB,0.798534803289098,0.463369962300774,2.21428571428571,0.8,0.307418699202077,0.129423000534044,0.9
PlantArchitecture,15tp2set3umu,0.187341292663241,0.113263968043685,2.99376505568543,0.7,0.112416011202265,0.0510684789113575,0.9
PlantArchitecture,13ayt45yrtIB,0.634055429295248,0.437665818545667,1.84444444444444,0.8,0.358678823275187,0.0979384385168012,0.9
PlantArchitecture,18.GS.C3.PYT.24.MK,0.827665068237825,0.166106513490424,1.64028769297297,0.9,0.248469625221327,0.0782123626879445,1
PlantArchitecture,18C1bAYTGSset2umu,0.658536723496321,0.290413701511518,3.17358561010174,0.8,0.169808072710143,0.14305423109534,0.9
PlantArchitecture,20.GS.C3.UYT.28.MK,0.416606955320161,0.24287583620786,1.71713800211558,0.8,0.28700334253463,0.103533088067514,0.9
PlantArchitecture,21.GS.C4C.AYT.28.IK,0.311541716114105,1.61029312376262,2.28324212788373,0.3,0.555776910488244,0.228526989296032,0.5
PlantArchitecture,20.GS.C1.C2.C3.UYT.30.IK,0.848637167045269,0.0910421889367267,1.70026425110574,0.9,0.177461816163267,0.0504291585611311,1
PlantArchitecture,15tp2set4umu,0.0214051478387248,0.376297435909941,2.81978801833327,0.1,0.217545031392222,0.0194680531022156,0.3
PlantArchitecture,17C1aAYTnonGSset2umu,0.210764923653635,0.406706413121323,2.99125891511516,0.5,0.213199658304399,0.105496010589528,0.7
PlantArchitecture,19.GS.C2.UYT.36.setA.ZA,0.0730034692290972,0.389064126369781,1.13829840154574,0.2,0.547967079942489,0.0563865787417823,0.5
PlantArchitecture,16.GS.C1.ungenotyped.AYT.21.IK,0.164474483628435,0.193481945626206,2.8399853597732,0.7,0.154883131820201,0.0485156163004531,0.8
PlantArchitecture,20C2aAYTGSOtobi,0.281743661743713,0.209728905204945,2.87121990899213,0.8,0.159500734815913,0.0632294537316042,0.9
PlantArchitecture,19.GS.C2.UYT.36.setA.AB,0.712913218233604,0.77902113960933,1.76409014184194,0.6,0.500326894388773,0.296594308584826,0.8
PlantArchitecture,20.GS.C1.C2.C3.UYT.30.IB,0.669487681001416,0.727136492868011,1.82142857142857,0.6,0.468161640021303,0.239649714929038,0.8
PlantArchitecture,19C1bUYTnonGSset1ikenne,1.01375125563051,0.245495485879301,3.07407407407406,0.9,0.161178617824033,0.0819734480200039,1
PlantArchitecture,19C1bUYTnonGSset1kano,0.612966482669666,0.103048322821781,3.5925925925926,0.9,0.0893536903471019,0.0388745290514735,1
PlantArchitecture,20.CMSSurveyVarieties.AYT.33.IB,0.654971257706578,0.267506335096572,2.6003257565654,0.8,0.198902058584897,0.117077392789422,0.9
PlantArchitecture,19.CASS.PYT.52.IK,0.484886668578522,0.33710287646238,2.41272284530015,0.7,0.240643310083669,0.156139865247892,0.8
PlantArchitecture,21.GS.C4.AYT.45.IK,0.654981581813587,0.545863081548447,1.81409458359041,0.7,0.407269544285667,0.21892273683177,0.8
PlantArchitecture,19.GS.C2.UYT.36.setB.AB,0,0.954631794272356,1.86206896551724,0,0.524713436385429,0,NA
PlantArchitecture,20.GS.C2.UYT.36.setA.IB,0.510713486220279,0.438369806683696,1.89949975556152,0.7,0.348562831554429,0.170355703543099,0.8
PlantArchitecture,16.GS.C1.ungenotyped.AYT.21.UB,0.0555984218051039,0.188833710133631,1.19691151333804,0.5,0.363059427485552,0.029782446039329,0.7
PlantArchitecture,18.GS.C4.PYT.54.ON,0.165562870673068,0.175741444184627,2.07581373694085,0.6,0.20195225825338,0.0686751407731015,0.8
PlantArchitecture,13PYT144mpopumu,0.0478156840239095,0.586892317427916,2.27210884353742,0.1,0.337170896128449,0.0420220835583545,0.3
PlantArchitecture,12CETearlyBulkingDrtkano,0.0964444338149627,0.218080663916291,2.65178572224772,0.5,0.176104377836276,0.0466227491693833,0.7
PlantArchitecture,20.GS.C2.UYT.36.setB.IB,0.545529269618763,0.418744901330285,1.85887424230732,0.7,0.348116618629409,0.16137325237251,0.8
PlantArchitecture,20.GS.C4B.AYT.40.IK,0.91801654850712,0.14497120388862,1.98426367675232,0.9,0.191885204940238,0.0738117829491187,1
PlantArchitecture,20.GS.C1.C2.CMSSurveyVarieties.AYT.40.MK,0.847054660546805,0.217918830640101,2.83635010067557,0.9,0.164583973663574,0.0973469990539475,0.9
PlantArchitecture,20C2a_bPYTGSUmudike,0.415816334715283,0.554846934097019,2.73469387755102,0.6,0.272381669191744,0.166403038225181,0.8
PlantArchitecture,19.Hawaii.PYT.54.IK,0.190704775754633,0.715511351371569,2.3885418810803,0.3,0.354140342828796,0.137205355688162,0.5
PlantArchitecture,20.GS.C4B.AYT.42.IK,0.691303216222675,0.251963829476148,2.18138712980727,0.8,0.230110456353447,0.108731576383573,0.9
PlantArchitecture,20C2aAYTGSUmudike,0.0908272929614276,0.735186638118003,2.86669804794501,0.2,0.299100302259069,0.0695284331615419,0.5
PlantArchitecture,20.GS.C4B.AYT.40.MK,0.388378021047936,0.589588525752679,1.78221911868937,0.5,0.430837416733816,0.179235146395675,0.7
PlantArchitecture,10uytCIATsetAUM,0.0440826755584433,0.35645199625552,2.97811435089094,0.3,0.200474507971685,0.0328913543062167,0.5
PlantArchitecture,20C2aAYTGSonne,0.6661896112116,0.301180682477258,3.05589087467278,0.9,0.179587338797064,0.101797045703204,0.9
PlantArchitecture,18.GS.C1.C2.UYT.26.MK,0.599768982550246,0.232667439997506,1.84615384615385,0.9,0.261276239244429,0.0746938866695352,0.9
PlantArchitecture,17C1bCETnonGSumu,0.800360889322352,1.22344439697117,2.2024167951955,0.5,0.502218385917196,0.368045537341916,0.7
PlantArchitecture,18.GS.C3.AYT.30.UB,0.237424000732163,0.121922193435195,1.69508690950274,0.8,0.205991553846849,0.0384444583897901,0.9
PlantArchitecture,19crossingblockCETubiaja,0.0566225174638711,0.589636897113092,3.37436735728862,0.2,0.227562116763694,0.0477398631661532,0.4
PlantArchitecture,18.GS.C1.UYT.34.MK,0.330065360706147,0.570409981604981,1.97058823529412,0.6,0.383263686520219,0.120640679736716,0.8
PlantArchitecture,19.Hawaii.PYT.60.IB,1.21588583905031,0.144407724155647,2.2038394128518,0.9,0.172430967978309,0.0696795008242326,1
PlantArchitecture,17.GS.C2.AYT.34.MK,0.84285718045688,0.094397757109761,1.9428571428571,1,0.158139357301522,0.0303334954950031,1
PlantArchitecture,18.GS.C3.AYT.30.MK,0.502505362330091,0.384915338309614,1.743306976418,0.8,0.355884227279976,0.118710261027422,0.9
PlantArchitecture,18.GS.C3.AYT.30.IK,0.553292698719578,0.06255131328735,1.43333333333333,1,0.174490189896917,0.0216780891158868,1
PlantArchitecture,18C1bAYTGSOtobi,0.390191303317902,0.451593963742504,3.82786319651493,0.7,0.175556799958218,0.112081178366303,0.8
PlantArchitecture,17C1aAYTnonGSkano,0.0594199697474886,0.29735685942894,2.80052950499787,0.3,0.194714739560826,0.0444330470273557,0.5
PlantArchitecture,19.Hawaii.PYT.60.IK,0.907134468773028,0.163146411276495,1.82559855684318,0.9,0.221250101587868,0.0900672868919797,0.9
PlantArchitecture,11EarlyBulkingDrtKA,0.156073745191355,0.505777697184044,3.19854044249695,0.5,0.222345319150606,0.0864732363925889,0.7
PlantArchitecture,17.CASS.PYT.46.setC.IB,0.257799951663445,0.0237456938087898,1.17422569531948,1,0.131232333720817,0.0120279171527713,1
PlantArchitecture,18.CMSSurveyVarieties.AYT33.IB,0.247532722804518,0.133905695394192,2.8438078506922,0.8,0.128676510727972,0.0423175525918313,0.9
PlantArchitecture,18.GS.C2.UYT.36.setA.AG,0.413509216599435,0.268133726964736,1.46781688501578,0.8,0.352779908368899,0.0894024001585036,0.9
PlantArchitecture,18.GS.C1.UYT.34.IK,0.817404297759972,0.207750021818571,1.94484180466417,0.9,0.234361494001522,0.0701676966685889,1
PlantArchitecture,18.GS.C1.UYT.34.OT,1.08801453442092,0.235653232703622,2.35294117647059,0.9,0.206312542413426,0.0742339204365217,1
PlantArchitecture,18.GS.C2.UYT.36.setB.AG,0.473080668223866,0.451075578861264,1.78936545846731,0.7,0.375340655397541,0.125950643455809,0.9
PlantArchitecture,17.GS.C1.UYT.34.UM,0.200817502634398,0.485033314341627,2.79411764705883,0.5,0.249253402942769,0.0907605853829905,0.7
PlantArchitecture,18.GS.C1.UYT.34.UM,0.722658634269424,0.19197603503118,2.16795030631907,0.9,0.202103663409378,0.0603127079340012,1
PlantArchitecture,17.GS.C1.UYT.34.IK,0.544266215285982,0.160427804408867,2.58823529411764,0.9,0.154751926706258,0.048691805722173,1
PlantArchitecture,16.GS.C1.UYT.34.MK,0.379976234412136,0.648544265503076,2.29411764705883,0.6,0.35103799563431,0.137788723767588,0.8
PlantArchitecture,16.GS.C1.UYT.34.UB,0.0513962962587809,0.871360683227854,1.73529411764706,0.2,0.537930148908998,0.0436689878734104,0.4
PlantArchitecture,17.GS.C1.UYT.34.MK,0.379976234412136,0.648544265503076,2.29411764705883,0.6,0.35103799563431,0.137788723767588,0.8
PlantArchitecture,17.GS.C1.UYT.34.UB,0.0513962962587809,0.871360683227854,1.73529411764706,0.2,0.537930148908998,0.0436689878734104,0.4
PlantArchitecture,20AYTintroLatAmeUmudike,0.970445204415796,0.614259689629609,2.40664032094522,0.8,0.325660300570895,0.230174244358277,0.9
PlantArchitecture,20AYTintroLatAmekano,0.649906312348047,0.623240321695883,3.49167655091055,0.7,0.226096461340963,0.181440347366258,0.8
PlantArchitecture,17.GS.C3.PYT.60.UB,0.622098880382,0.357005393252701,1.99620064803805,0.8,0.299318249216817,0.141201651337175,0.9
PlantArchitecture,18C1bAYTGSset1umu,0.0822657584365201,0.881903399588322,3.28950133637011,0.2,0.285483124440753,0.0655771818723773,0.5
PlantArchitecture,13AYT259mpopdOtobi,0,0.933153842928281,2.58687258687259,0,0.373423448995784,0,NA
PlantArchitecture,18C1bAYTGSkano,0.430098142525186,0.382089956980288,3.11660928079968,0.8,0.198335498333661,0.102335034585487,0.9
PlantArchitecture,14.GS.C0.PYT.88.IK,0.650867219337436,0.436017868398028,2.43411961788857,0.7,0.271275284185577,0.176347869871093,0.9
PlantArchitecture,13pytdiallelIB,0.242898440887503,0.306162006220881,1.51833836938235,0.6,0.364424092086966,0.0975287937788997,0.8
PlantArchitecture,13CET261umu,0.345394902992663,0.821225357830318,2.99435944527209,0.5,0.302640637664694,0.187016457940455,0.7
PlantArchitecture,19.GS.C4B.PYT.135.IK,0.234653068027107,0.190483385723986,2.7671840086889,0.7,0.157721359409288,0.0850917947821223,0.8
PlantArchitecture,19.GS.C4B.PYT.160.AB,1.20110427799213,0.63878732746788,2.45806712818679,0.8,0.325150485572551,0.256968164270741,0.9
PlantArchitecture,19.GS.C4.PYT.80.SETB.IK,0.294974337789976,0.488566684285026,1.50087782884647,0.5,0.465711092431219,0.135533449471324,0.7
PlantArchitecture,17.GS.C3.PYT.80.IB,0.226567038795477,0.00540694425946808,1.16867093044909,1,0.0629192742695044,0.00266490318202896,1
PlantArchitecture,19.GS.C4.PYT.80.SETA.IK,0.429480961067074,0.370606402695742,1.4875,0.7,0.409260174055557,0.131187833222486,0.8
PlantArchitecture,16.GS.C0.C1.AYT.58.IB,0.151116689750691,5.49733995722382e-15,2.81578947368421,1,2.63315313130508e-08,2.00621314530867e-15,1
PlantArchitecture,16.GS.C0.C1.AYT.58.IK,0.661561747296519,0.325120984921441,2.14198503612182,0.9,0.266198784704912,0.0985886188482301,0.9
PlantArchitecture,13CET489tp2umu,0.0593571069394382,0.445447177630404,2.88039688640445,0.3,0.231710531281272,0.0435506404541969,0.5
PlantArchitecture,19.GS.C4B.PYT.88.AG,0.528705675504017,0.405359277543405,2.33981643300487,0.7,0.272106096277413,0.15499511016244,0.8
PlantArchitecture,21.C1.C2.CMS.AYT.40.IB,0.30329736314441,0.890696012150538,1.69591202823531,0.7,0.556495213845151,0.10629498811967,0.8
PlantArchitecture,21.C1.C2.CMS.AYT.40.MK,0.871827385230896,0.149593577428742,2.648505143494,1,0.146034562325063,0.0241730617431795,1
PlantArchitecture,19C2aPYTGSOtobi,0.50888520024439,0.463175901347483,3.04620731672785,0.7,0.223415613517331,0.169296815507593,0.8
PlantArchitecture,19.GS.C4B.PYT.132.IK,0.644703406009555,0.559412615212117,2.06615400027599,0.7,0.361995723124901,0.235842685639047,0.8
PlantArchitecture,15CETtp1set2umu,0,0.292778258365415,3.19587628865979,0,0.169308768939947,0,NA
PlantArchitecture,19.GS.C4B.PYT.140.IB,0.0383478362709862,0.424217763440989,3.36249423199867,0.2,0.193701452319051,0.0326393485606233,0.4
PlantArchitecture,19.GS.C4B.PYT.135.UB,0,0.47689706513236,1.38095238095238,0,0.500073247575781,0,NA
PlantArchitecture,19C2aPYTGSumu,0.327172360015088,0.586926426141805,2.38319629891355,0.5,0.321463757093975,0.164295042812534,0.7
PlantArchitecture,13CET518TP1umu,0.0222477374457074,0.432711658665758,2.48511285667384,0.1,0.264699537307603,0.0198632491917246,0.3
PlantArchitecture,13CET518TP1Otobi,0.159295476442801,0.514995290871228,2.76424845203541,0.5,0.259611875039295,0.0872273300884478,0.7
PlantArchitecture,19.GS.C4B.PYT.500.IK,0.835138015998546,0.338114185007778,2.55490073064468,0.8,0.227592352601076,0.144375150338494,0.9
PlantArchitecture,21.GS.C4B.PYT.500.MK,0.7171118454902,0.411916294941001,1.92333563659302,0.8,0.333694775931293,0.162049795190956,0.9
PlantArchitecture,20.GS.C4B.PYT.500.IK,0.396412484582768,0.365730087031603,2.72547155425828,0.7,0.221890490918913,0.12505377976411,0.8
PlantArchitecture,12CET500TP1umu,0.005297810960471,0.728921060694334,3.44394885716485,0,0.247904012224178,0.00518743857820145,0.1
