Locus,Chrom,Position,BLUP,Reelpvalue,p.val
1_25278363_G_A,1,252.8,5.156929763350974,6.967391857442918e-6,5.156929763350974
1_25280627_G_A,1,252.8,5.2550801672428475,5.558016513186711e-6,5.2550801672428475
1_25298510_G_T,1,253,6.037716199910255,9.168194119272176e-7,6.037716199910255
1_25309305_A_T,1,253.1,5.209398066908729,6.17450196381544e-6,5.209398066908729
1_25311951_T_C,1,253.1,5.355626249106968,4.409341652304788e-6,5.355626249106968
1_25311993_C_A,1,253.1,5.290028363902077,5.128278899552561e-6,5.290028363902077
1_25312195_T_C,1,253.1,5.486024550681301,3.2656937067329513e-6,5.486024550681301
1_25334500_G_A,1,253.3,5.470743420959197,3.3826462225657928e-06,5.470743420959197
1_25335516_C_T,1,253.4,6.342680504089056,4.542756891683469e-7,6.342680504089056
1_25335793_A_G,1,253.4,6.342680504089056,4.542756891683469e-7,6.342680504089056
1_25335834_A_G,1,253.4,6.281815671272042,5.226179580216991e-7,6.281815671272042
1_25336501_A_T,1,253.4,5.68988493239293,2.0422789808462315e-6,5.68988493239293
1_25362965_C_T,1,253.6,5.367553732746951,4.289891096114445e-6,5.367553732746951
1_25393072_T_G,1,253.9,5.171973876008607,6.730171388736361e-6,5.171973876008607
1_25393075_G_T,1,253.9,5.171973876008607,6.730171388736361e-6,5.171973876008607
1_25393098_A_G,1,253.9,5.714309847292241,1.9305904462713462e-6,5.714309847292241
1_25393144_G_A,1,253.9,5.714309847292241,1.9305904462713462e-6,5.714309847292241
1_25394891_G_A,1,253.9,5.576492882049868,2.6515945514548173e-6,5.576492882049868
1_25447397_G_A,1,254.5,5.644264383751694,2.2684834556596178e-6,5.644264383751694
10_1397527_T_C,10,14,5.4299426112151545,3.7158432795761095e-6,5.4299426112151545
13_426618_C_G,13,4.3,5.074498708457654,8.423668965379264e-6,5.074498708457654
13_426646_T_C,13,4.3,5.062172018333086,8.666185515578127e-6,5.062172018333086
13_426673_T_A,13,4.3,5.116937960844396,7.639449056454301e-6,5.116937960844396
13_426690_A_T,13,4.3,5.116937960844396,7.639449056454301e-6,5.116937960844396
13_427144_C_T,13,4.3,5.043306573619948,9.05093459140244e-6,5.043306573619948
13_587850_T_C,13,5.9,5.136140464319697,7.309026486401965e-6,5.136140464319697
13_596645_T_C,13,6,5.253629601682227,5.576611606768051e-6,5.253629601682227
13_619303_A_T,13,6.2,5.07080002710639,8.495715741303046e-6,5.07080002710639
13_661530_T_C,13,6.6,5.274736395860392,5.312067734853324e-6,5.274736395860392
13_791994_T_C,13,7.9,5.383675039658228,4.133566799604897e-6,5.383675039658228
13_794650_T_C,13,7.9,5.457244445708416,3.4894385468744597e-6,5.457244445708416
13_797264_G_A,13,8,5.440956454566693,3.6227932128014785e-6,5.440956454566693
13_802869_T_C,13,8,5.440956454566693,3.6227932128014785e-6,5.440956454566693
13_809270_G_A,13,8.1,5.482866742189745,3.28952550353126e-6,5.482866742189745
13_809306_T_C,13,8.1,5.219748815808967,6.029081910562209e-6,5.219748815808967
2_2809137_T_G,2,28.1,6.85215345226782,1.4055508034103918e-7,6.85215345226782
2_2818574_A_T,2,28.2,6.85215345226782,1.4055508034103918e-7,6.85215345226782
2_2819515_G_A,2,28.2,5.71306298325236,1.9361411560731423e-6,5.71306298325236
2_2828773_G_T,2,28.3,6.881473758696782,1.3137908755293117e-7,6.881473758696782
2_2846222_C_A,2,28.5,6.502561290509047,3.143682731656789e-7,6.502561290509047
2_2854244_T_G,2,28.5,6.629484341410502,2.347013883297482e-7,6.629484341410502
2_3000720_G_A,2,30,7.189583968446537,6.462730285880055e-8,7.189583968446537
