Individual ID,Cylindrical_type,Umbrella_type,Open_type,Compact_type,Erectibility
TMS14F1305P0006,1,0,0,0,0
TMS14F1102P0001,0,1,0,0,0
TMS14F1307P0006,0,1,0,0,0
TMS14F1161P0002,0,1,0,0,0
TMS14F1035P0006,0,1,0,0,0
IITA-TMS-IBA30572,0,1,0,0,0
TMS14F1236P0005,0,1,0,0,0
TMS14F1223P0003,0,0,0,0,0
TMS14F1298P0012,0,1,0,0,0
TMS14F1288P0009,0,0,0,0,0
TMS14F1100P0002,1,0,0,0,0
IITA-TMS-IBA993073,0,0,0,0,0
TMS14F1170P0013,0,1,0,0,0
TMS14F1278P0009,1,0,0,0,0
TMS14F1296P0003,1,0,0,0,0
TMS14F1011P0001,0,1,0,0,0
TMS14F1308P0017,0,1,0,0,0
TMS14F1240P0002,0,1,0,0,0
TMS14F1023P0003,0,1,0,0,0
TMS14F1067P0007,0,0,0,0,0
TMS14F1273P0010,1,0,0,0,0
TMS14F1014P0015,0,1,0,0,0
TMS14F1262P0001,0,1,0,0,0
TMS14F1281P0007,0,1,0,0,0
TMS14F1057P0009,0,1,0,0,0
TMS14F1248P0001,1,0,0,0,0
TMS14F1243P0006,0,1,0,0,0
TMS14F1104P0001,0,1,0,0,0
TMS14F1308P0020,0,1,0,0,0
TMS14F1129P0005,0,1,0,0,0
TMS14F1163P0008,0,1,0,0,0
TMS14F1091P0010,0,0,0,0,0
TMEB419,1,0,0,0,0
TMS14F1013P0004,0,1,0,0,0
TMS14F1306P0011,0,1,0,0,0
TMS14F1297P0006,0,1,0,0,0
TMS14F1277P0011,0,1,0,0,0
TMS14F1151P0003,0,1,0,0,0
TMS14F1026P0001,0,0,0,0,0
TMS14F1060P0012,0,0,0,0,0
TMS14F1299P0012,0,1,0,0,0
TMS14F1199P0005,0,0,0,0,0
TMS14F1130P0004,0,0,0,0,0
TMS14F1153P0008,0,0,0,0,0
TMS14F1012P0002,0,1,0,0,0
TMS14F1118P0001,0,0,0,0,0
IITA-TMS-MOK980068,0,1,0,0,0
TMS14F1305P0019,0,1,0,0,0
TMS14F1293P0018,1,0,0,0,0
TMS14F1167P0001,0,1,0,0,0
TMS14F1173P0009,0,1,0,0,0
TMS14F1311P0017,1,0,0,0,0
TMS14F1035P0003,1,0,0,0,0
TMS14F1284P0020,1,0,0,0,0
TMS14F1027P0011,0,1,0,0,0
TMS14F1101P0001,1,0,0,0,0
TMS14F1186P0003,0,1,0,0,0
TMS14F1245P0004,0,1,0,0,0
TMS14F1263P0002,0,0,0,0,0
TMS14F1265P0002,0,1,0,0,0
TMS14F1052P0004,1,0,0,0,0
TMS14F1121P0007,1,0,0,0,0
TMS14F1294P0011,0,1,0,0,0
TMS14F1031P0002,0,1,0,0,0
TMS14F1293P0009,0,1,0,0,0
TMS14F1156P0002,0,1,0,0,0
TMS14F1200P0002,1,0,0,0,0
TMS14F1205P0012,1,0,0,0,0
TMS14F1195P0001,0,1,0,0,0
TMS14F1250P0005,0,1,0,0,0
TMS14F1196P0003,0,1,0,0,0
TMS14F1133P0004,1,0,0,0,0
TMS14F1106P0004,0,0,0,0,0
TMS14F1285P0009,0,1,0,0,0
TMS14F1282P0018,0,1,0,0,0
TMS14F1020P0012,0,0,0,0,0
TMS14F1241P0001,0,0,0,0,0
TMS14F1012P0012,0,0,0,0,0
IITA-TMS-IBA950279,0,1,0,0,0
TMS14F1308P0001,0,1,0,0,0
TMS14F1259P0006,0,1,0,0,0
TMS14F1199P0002,0,0,0,0,0
TMS14F1095P0001,0,1,0,0,0
TMS14F1091P0002,0,1,0,0,0
TMS14F1307P0001,0,1,0,0,0
TMS14F1260P0002,0,0,0,0,0
TMS14F1186P0008,0,0,0,0,0
TMS14F1176P0004,0,1,0,0,0
TMS14F1071P0001,0,1,0,0,0
TMS14F1218P0001,0,1,0,0,0
TMS14F1145P0006,1,0,0,0,0
TMS14F1095P0012,0,0,0,0,0
TMS14F1228P0001,0,1,0,0,0
TMS14F1060P0009,0,0,0,0,0
TMS14F1305P0002,0,1,0,0,0
TMS14F1074P0012,0,1,0,0,0
TMS14F1120P0005,0,1,0,0,0
TMS14F1201P0006,0,1,0,0,0
TMS14F1295P0008,0,1,0,0,0
TMS14F1036P0005,0,1,0,0,0
TMS14F1299P0005,0,1,0,0,0
IITA-TMS-IBA980581,0,1,0,0,0
TMS14F1258P0001,1,0,0,0,0
TMS14F1295P0001,0,1,0,0,0
TMS14F1248P0005,0,1,0,0,0
TMS14F1287P0004,0,1,0,0,0
TMS14F1138P0003,0,0,0,0,0
TMS14F1247P0009,0,0,0,0,0
TMS14F1287P0007,1,0,0,0,0
TMS14F1131P0004,0,1,0,0,0
TMS14F1059P0020,0,1,0,0,0
TMS14F1023P0008,0,1,0,0,0
TMS14F1301P0007,1,0,0,0,0
TMS14F1202P0003,0,0,0,0,0
TMS14F1312P0001,0,1,0,0,0
TMS14F1307P0009,0,1,0,0,0
TMS14F1311P0008,1,0,0,0,0
TMS14F1226P0013,0,1,0,0,0
TMS14F1295P0014,1,0,0,0,0
TMS14F1060P0004,0,0,0,0,0
TMS14F1293P0013,1,0,0,0,0
TMS14F1017P0007,0,0,0,0,0
IITA-TMS-IBA982101,0,0,0,0,0
TMS14F1268P0001,0,1,0,0,0
TMS14F1296P0008,0,1,0,0,0
TMS14F1286P0018,0,1,0,0,0
TMS14F1139P0002,0,1,0,0,0
TMS14F1219P0001,1,0,0,0,0
TMS14F1056P0001,1,0,0,0,0
TMS14F1226P0016,1,0,0,0,0
TMS14F1106P0007,0,1,0,0,0
TMS14F1289P0003,1,0,0,0,0
TMS14F1131P0001,0,1,0,0,0
TMS14F1293P0002,0,1,0,0,0
TMS14F1207P0002,0,0,0,0,0
TMS14F1304P0010,0,0,0,0,0
TMS14F1269P0002,0,1,0,0,0
TMS14F1016P0006,0,1,0,0,0
TMS14F1300P0014,0,1,0,0,0
TMS14F1272P0012,1,0,0,0,0
TMS14F1250P0001,0,1,0,0,0
TMS14F1089P0005,0,0,0,0,0
TMS14F1203P0001,0,1,0,0,0
TMS14F1286P0009,0,1,0,0,0
TMS14F1224P0005,0,1,0,0,0
TMS14F1303P0019,0,1,0,0,0
TMS14F1171P0012,0,1,0,0,0
TMS14F1306P0017,0,1,0,0,0
TMS14F1276P0004,1,0,0,0,0
TMS14F1247P0006,0,1,0,0,0
TMS14F1272P0016,0,1,0,0,0
TMS14F1309P0015,0,1,0,0,0
TMS14F1286P0014,1,0,0,0,0
TMS14F1096P0009,0,1,0,0,0
TMS14F1152P0006,0,1,0,0,0
TMS14F1094P0002,0,1,0,0,0
TMS14F1278P0002,0,1,0,0,0
TMS14F1235P0006,0,1,0,0,0
TMS14F1285P0005,1,0,0,0,0
TMS14F1036P0011,1,0,0,0,0
TMS14F1042P0005,0,1,0,0,0
TMS14F1137P0001,0,1,0,0,0
TMS14F1057P0005,0,0,0,0,0
TMS14F1285P0016,0,1,0,0,0
TMS14F1140P0006,0,1,0,0,0
TMS14F1162P0003,0,1,0,0,0
TMS14F1221P0001,0,1,0,0,0
TMS14F1019P0007,0,1,0,0,0
TMS14F1079P0003,0,0,0,0,0
TMS14F1272P0007,0,1,0,0,0
TMS14F1045P0006,0,1,0,0,0
TMS14F1268P0006,0,1,0,0,0
TMS14F1216P0003,0,1,0,0,0
TMS14F1173P0003,0,0,0,0,0
TMS14F1159P0001,0,0,0,0,0
TMS14F1108P0002,1,0,0,0,0
TMS14F1294P0007,0,1,0,0,0
TMS14F1291P0011,0,1,0,0,0
TMS14F1077P0010,0,1,0,0,0
TMS14F1169P0003,0,1,0,0,0
TMS14F1288P0004,0,1,0,0,0
TMS14F1191P0007,0,1,0,0,0
TMS14F1098P0004,0,1,0,0,0
TMS14F1309P0011,0,1,0,0,0
TMS14F1020P0005,0,1,0,0,0
TMS14F1287P0013,1,0,0,0,0
TMS14F1027P0008,0,1,0,0,0
TMS14F1036P0001,0,1,0,0,0
TMS14F1003P0001,0,1,0,0,0
TMS14F1280P0015,0,1,0,0,0
TMS14F1124P0003,0,1,0,0,0
TMS14F1244P0009,1,0,0,0,0
TMS14F1226P0003,0,1,0,0,0
TMS14F1074P0017,0,1,0,0,0
TMS14F1166P0001,1,0,0,0,0
TMS14F1019P0001,0,1,0,0,0
TMS14F1154P0007,0,1,0,0,0
TMS14F1176P0009,0,0,0,0,0
TMS14F1302P0007,1,0,0,0,0
TMS14F1292P0007,0,1,0,0,0
TMS14F1177P0001,0,1,0,0,0
TMS14F1178P0001,0,1,0,0,0
TMS14F1300P0004,1,0,0,0,0
TMS14F1290P0017,1,0,0,0,0
TMS14F1141P0005,0,0,0,0,0
TMS14F1196P0006,0,0,0,0,0
TMS14F1306P0005,1,0,0,0,0
TMS14F1311P0002,0,1,0,0,0
TMS14F1082P0002,0,1,0,0,0
TMS14F1142P0008,0,0,0,0,0
TMS14F1166P0005,0,0,0,0,0
TMS14F1081P0001,0,0,0,0,0
TMS14F1303P0014,0,1,0,0,0
TMS14F1128P0011,0,0,0,0,0
TMS14F1312P0013,1,0,0,0,0
TMS14F1295P0018,0,1,0,0,0
TMS14F1303P0002,1,0,0,0,0
TMS14F1181P0007,0,1,0,0,0
TMS14F1243P0017,0,1,0,0,0
TMS14F1163P0002,0,1,0,0,0
TMS14F1171P0002,0,1,0,0,0
TMS14F1145P0010,0,1,0,0,0
TMS14F1181P0001,0,0,0,0,0
TMS14F1255P0007,0,0,0,0,0
TMS14F1289P0015,0,1,0,0,0
TMS14F1248P0009,0,1,0,0,0
TMS14F1069P0001,0,0,0,0,0
TMS14F1278P0013,0,1,0,0,0
TMS14F1312P0020,1,0,0,0,0
TMS14F1309P0019,0,1,0,0,0
TMS14F1228P0009,0,1,0,0,0
TMS14F1099P0005,0,1,0,0,0
TMS14F1030P0001,0,1,0,0,0
TMS14F1303P0011,0,1,0,0,0
TMS14F1018P0004,0,0,0,0,0
TMS14F1280P0002,0,0,0,0,0
TMS14F1256P0003,0,0,0,0,0
TMS14F1097P0005,0,0,0,0,0
TMS14F1279P0003,0,1,0,0,0
TMS14F1270P0001,0,0,0,0,0
TMS14F1195P0005,0,1,0,0,0
TMS14F1296P0011,0,1,0,0,0
TMS14F1088P0002,0,1,0,0,0
TMS14F1273P0006,0,0,0,0,0
TMS14F1257P0002,0,0,0,0,0
TMS14F1214P0002,0,1,0,0,0
TMS14F1026P0009,1,0,0,0,0
TMS14F1282P0012,0,1,0,0,0
TMS14F1053P0002,0,0,0,0,0
TMS14F1273P0001,0,1,0,0,0
TMS14F1125P0008,0,1,0,0,0
TMS14F1116P0004,0,0,0,0,0
TMS14F1297P0013,0,1,0,0,0
TMS14F1059P0004,0,0,0,0,0
TMS14F1001P0004,0,1,0,0,0
TMS14F1284P0012,1,0,0,0,0
TMS14F1264P0003,0,0,0,0,0
TMS14F1210P0003,0,0,0,0,0
TMS14F1292P0001,1,0,0,0,0
TMS14F1265P0006,0,1,0,0,0
TMS14F1298P0018,0,1,0,0,0
TMS14F1073P0004,0,0,0,0,0
TMS14F1208P0007,0,1,0,0,0
TMS14F1291P0014,1,0,0,0,0
TMS14F1280P0019,1,0,0,0,0
TMS14F1084P0006,0,0,0,0,0
TMS14F1032P0004,0,1,0,0,0
TMS14F1017P0013,0,0,0,0,0
TMS14F1257P0005,0,1,0,0,0
TMS14F1226P0009,0,1,0,0,0
TMS14F1142P0016,0,1,0,0,0
TMS14F1065P0008,0,0,0,0,0
TMS14F1310P0011,0,1,0,0,0
TMS14F1098P0014,0,0,0,0,0
TMS14F1285P0019,0,1,0,0,0
TMS14F1057P0001,0,1,0,0,0
TMS14F1170P0018,0,1,0,0,0
TMS14F1032P0009,0,1,0,0,0
TMS14F1301P0011,0,1,0,0,0
TMS14F1291P0003,1,0,0,0,0
TMS14F1298P0002,0,0,0,0,0
TMS14F1285P0012,1,0,0,0,0
TMS14F1289P0011,0,1,0,0,0
TMS14F1223P0012,0,1,0,0,0
TMS14F1252P0001,0,0,0,0,0
TMS14F1008P0012,0,0,0,0,0
TMS14F1019P0017,0,1,0,0,0
TMS14F1210P0006,0,1,0,0,0
TMS14F1063P0009,0,1,0,0,0
TMS14F1014P0009,0,0,0,0,0
TMS14F1300P0019,0,1,0,0,0
TMS14F1284P0005,1,0,0,0,0
TMS14F1117P0006,0,0,0,0,0
TMS14F1298P0006,0,1,0,0,0
TMS14F1310P0014,0,1,0,0,0
TMS14F1129P0001,0,1,0,0,0
TMS14F1235P0002,0,1,0,0,0
TMS14F1142P0009,0,0,0,0,0
TMS14F1151P0005,0,1,0,0,0
TMS14F1189P0002,0,1,0,0,0
TMS14F1189P0005,0,1,0,0,0
TMS14F1191P0005,0,1,0,0,0
TMS14F1195P0002,0,1,0,0,0
TMS14F1196P0004,0,1,0,0,0
TMS14F1199P0003,0,1,0,0,0
TMS14F1247P0004,0,0,0,0,0
TMS14F1301P0004,1,0,0,0,0
TMS14F1286P0015,1,0,0,0,0
TMS14F1287P0011,0,1,0,0,0
TMS14F1289P0018,0,1,0,0,0
TMS14F1291P0004,1,0,0,0,0
TMS14F1309P0007,1,0,0,0,0
TMS14F1008P0006,0,1,0,0,0
TMS14F1289P0013,0,0,0,0,0
TMS14F1224P0003,0,1,0,0,0
TMS14F1287P0010,1,0,0,0,0
TMS14F1276P0009,1,0,0,0,0
TMS14F1283P0016,0,1,0,0,0
TMS14F1310P0007,1,0,0,0,0
TMS14F1022P0004,0,1,0,0,0
TMS14F1174P0006,0,0,0,0,0
TMS14F1287P0019,1,0,0,0,0
TMS14F1072P0005,0,1,0,0,0
TMS14F1100P0011,0,1,0,0,0
TMS14F1107P0003,0,0,0,0,0
TMS14F1068P0009,0,0,0,0,0
TMS14F1077P0004,0,1,0,0,0
TMS14F1189P0004,0,1,0,0,0
TMS14F1304P0014,0,1,0,0,0
TMS14F1084P0001,0,1,0,0,0
TMS14F1307P0015,0,1,0,0,0
TMS14F1297P0009,0,0,0,0,0
TMS14F1069P0007,0,0,0,0,0
TMS14F1305P0013,1,0,0,0,0
TMS14F1225P0001,0,0,0,0,0
TMS14F1302P0014,0,1,0,0,0
TMS14F1195P0013,0,1,0,0,0
TMS14F1233P0005,0,1,0,0,0
TMS14F1151P0007,0,1,0,0,0
TMS14F1153P0005,0,1,0,0,0
TMS14F1147P0009,0,1,0,0,0
TMS14F1075P0005,0,1,0,0,0
TMS14F1301P0020,1,0,0,0,0
TMS14F1303P0006,0,1,0,0,0
TMS14F1290P0007,0,1,0,0,0
TMS14F1193P0001,0,0,0,0,0
TMS14F1288P0014,0,1,0,0,0
TMS14F1223P0008,0,1,0,0,0
TMS14F1300P0001,0,1,0,0,0
TMS14F1250P0008,0,1,0,0,0
TMS14F1270P0004,0,0,0,0,0
TMS14F1147P0002,0,0,0,0,0
TMS14F1195P0009,1,0,0,0,0
TMS14F1281P0017,0,1,0,0,0
TMS14F1301P0014,0,0,0,0,0
TMS14F1016P0002,0,1,0,0,0
TMS14F1304P0017,1,0,0,0,0
TMS14F1074P0005,0,1,0,0,0
TMS14F1090P0001,0,1,0,0,0
TMS14F1277P0008,0,0,0,0,0
TMS14F1146P0003,0,1,0,0,0
IITA-TMS-IBA070539,0,0,1,0,0
IITA-TMS-IBA070141,0,1,0,0,1
IITA-TMS-IBA070204,0,1,0,0,1
IITA-TMS-IBA070753,0,1,0,0,1
IITA-TMS-IBA070100,0,0,1,0,0
IITA-TMS-IBA070064,0,0,1,0,0
IITA-TMS-IBA070181,0,1,0,0,1
IITA-TMS-IBA070172,0,1,0,0,1
IITA-TMS-IBA070178,0,0,1,0,0
IITA-TMS-IBA070052,0,0,1,0,0
IITA-TMS-IBA070170,0,0,1,0,0
IITA-TMS-IBA070180,0,0,1,0,0
IITA-TMS-IBA070108,0,0,1,0,0
IITA-TMS-IBA070119,0,0,1,0,0
IITA-TMS-IBA070190,0,0,1,0,0
IITA-TMS-IBA070066,0,0,1,0,0
IITA-TMS-IBA070536,0,0,1,0,0
IITA-TMS-IBA070055,0,0,1,0,0
TMEB1,0,1,0,0,1
IITA-TMS-IBA061101,0,0,1,0,0
IITA-TMS-IBA061679,0,0,1,0,0
IITA-TMS-IBA061348,0,1,0,0,1
IITA-TMS-IBA061911,0,1,0,0,1
IITA-TMS-IBA050327,0,1,0,0,1
IITA-TMS-IBA050311,0,0,1,0,0
IITA-TMS-IBA051654,0,0,1,0,0
IITA-TMS-IBA051626,0,1,0,0,1
IITA-TMS-IBA051274,0,1,0,0,1
IITA-TMS-IBA051632,0,0,1,0,0
IITA-TMS-IBA050998,1,0,0,0,1
IITA-TMS-IBA051652,0,1,0,0,1
IITA-TMS-IBA051631,0,0,1,0,0
IITA-TMS-IBA050303,0,0,1,0,0
IITA-TMS-IBA051601,0,0,1,0,0
IITA-TMS-IBA050186,0,0,1,0,0
IITA-TMS-IBA050127,0,0,1,0,0
IITA-TMS-IBA051646,0,1,0,0,1
IITA-TMS-IBA050128,0,1,0,0,1
IITA-TMS-IBA050286,0,0,1,0,0
IITA-TMS-IBA051553,0,1,0,0,1
IITA-TMS-IBA051740,0,0,1,0,0
IITA-TMS-IBA051814,0,1,0,0,1
IITA-TMS-IBA050100,0,0,1,0,0
IITA-TMS-IBA051599,0,1,0,0,1
IITA-TMS-IBA051625,0,1,0,0,1
IITA-TMS-IBA051658,0,0,1,0,0
IITA-TMS-IBA051653,0,0,1,0,0
IITA-TMS-IBA030254,0,0,1,0,0
IITA-TMS-IBA030059,0,1,0,0,1
IITA-TMS-IBA030055A,0,0,1,0,0
IITA-TMS-IBA030276,0,1,0,0,1
IITA-TMS-IBA030273,0,1,0,0,1
IITA-TMS-IBA030006A,0,0,1,0,0
IITA-TMS-IBA030141,0,1,0,0,1
IITA-TMS-IBA030305,0,0,1,0,0
IITA-TMS-IBA030292,0,0,1,0,0
IITA-TMS-IBA030256,0,1,0,0,1
IITA-TMS-IBA030060A,0,1,0,0,1
IITA-TMS-IBA030284,0,1,0,0,1
IITA-TMS-IBA30555P3-2,0,0,1,0,0
IITA-TMS-IBA030264,0,1,0,0,1
IITA-TMS-IBA030075,0,1,0,0,1
IITA-TMS-IBA030177,0,0,1,0,0
IITA-TMS-IBA030265,0,1,0,0,1
IITA-TMS-IBA030060,0,1,0,0,1
IITA-TMS-IBA030013,0,0,1,0,0
IITA-TMS-IBA030242,0,0,1,0,0
IITA-TMS-IBA030275,0,1,0,0,1
IITA-TMS-IBA030028,0,1,0,0,1
IITA-TMS-IBA020091,0,1,0,0,1
IITA-TMS-IBA020129,0,1,0,0,1
IITA-TMS-IBA020093,0,0,1,0,0
IITA-TMS-IBA000210,0,1,0,0,1
IITA-TMS-IBA020540,0,0,1,0,0
IITA-TMS-IBA020516,0,0,1,0,0
IITA-TMS-IBA020452,0,1,0,0,1
IITA-TMS-IBA020588,0,0,1,0,0
IITA-TMS-IBA020431,0,0,1,0,0
IITA-TMS-IBA020510,0,0,1,0,0
IITA-TMS-IBA020233,0,1,0,0,1
IITA-TMS-IBA020134,0,1,0,0,1
IITA-TMS-IBA020131,0,1,0,0,1
IITA-TMS-IBA020570,0,1,0,0,1
IITA-TMS-IBA011296,0,0,1,0,0
IITA-TMS-IBA011404,0,0,1,0,0
IITA-TMS-IBA011635,0,1,0,0,1
IITA-TMS-IBA011086,0,1,0,0,1
IITA-TMS-IBA010045,0,1,0,0,1
IITA-TMS-IBA011115,0,0,1,0,0
IITA-TMS-IBA011802,0,0,1,0,0
IITA-TMS-IBA011413,0,0,1,0,0
IITA-TMS-IBA010732,0,0,1,0,0
IITA-TMS-IBA011335,0,1,0,0,1
IITA-TMS-IBA010760,0,0,1,0,0
IITA-TMS-IBA011331,0,1,0,0,1
IITA-TMS-MM013004,0,0,1,0,0
IITA-TMS-MM011161,0,0,1,0,0
IITA-TMS-MM010540,0,1,0,0,1
IITA-TMS-MM011196,0,0,1,0,0
IITA-TMS-ZAR010087,0,0,1,0,0
IITA-TMS-IBA974766,0,0,1,0,0
IITA-TMS-IBA000093,0,1,0,0,1
IITA-TMS-IBA000338,0,1,0,0,1
IITA-TMS-IBA000214,0,0,1,0,0
IITA-TMS-IBA000101,0,0,1,0,0
IITA-TMS-IBA000049,0,1,0,0,1
IITA-TMS-IBA000388,0,1,0,0,1
IITA-TMS-IBA000378,0,0,1,0,0
IITA-TMS-IBA000345,1,0,0,0,1
IITA-TMS-IBA000346,0,0,1,0,0
IITA-TMS-IBA000017,0,0,1,0,0
IITA-TMS-IBA000364,0,0,1,0,0
IITA-TMS-IBA000342,0,0,1,0,0
IITA-TMS-IBA000211,0,1,0,0,1
IITA-TMS-IBA000355,0,1,0,0,1
IITA-TMS-IBA000350,0,0,1,0,0
IITA-TMS-IBA000070,0,0,1,0,0
IITA-TMS-IBA000354,0,0,1,0,0
IITA-TMS-IBA000222,0,1,0,0,1
IITA-TMS-MOK000068,0,0,1,0,0
IITA-TMS-MOK000175,0,0,1,0,0
IITA-TMS-MOK000146,0,0,1,0,0
IITA-TMS-MOK000044,0,0,1,0,0
IITA-TMS-MOK000142,0,1,0,0,1
IITA-TMS-ZAR000012,0,0,1,0,0
IITA-TMS-ZAR000120,0,1,0,0,1
IITA-TMS-IBA997032,0,0,1,0,0
IITA-TMS-IBA993151,0,0,1,0,0
IITA-TMS-IBA990554,1,0,0,0,1
IITA-TMS-IBA991702,0,0,1,0,0
IITA-TMS-IBA991734,0,0,1,0,0
IITA-TMS-IBA990111,0,0,1,0,0
IITA-TMS-IBA992123,0,0,1,0,0
IITA-TMS-IBA996016,0,0,1,0,0
IITA-TMS-IBA997578,0,1,0,0,1
IITA-TMS-IBA990543,0,1,0,0,1
IITA-TMS-IBA996076,0,0,1,0,0
IITA-TMS-IBA991579,0,0,1,0,0
IITA-TMS-IBA991903,0,0,1,0,0
IITA-TMS-IBA990313,0,0,0,1,0
IITA-TMS-IBA997533,0,1,0,0,1
IITA-TMS-IBA990119,0,1,0,0,1
IITA-TMS-IBA991590,0,0,1,0,0
IITA-TMS-MM990477,0,0,1,0,0
IITA-TMS-MM990268,0,0,1,0,0
IITA-TMS-MM990214,0,0,1,0,0
IITA-TMS-ZAR990207,0,0,0,1,0
IITA-TMS-MOK980004,0,1,0,0,1
IITA-TMS-MOK980057,0,0,1,0,0
IITA-TMS-ZAR980135,0,0,1,0,0
IITA-TMS-ZAR980190,0,0,1,0,0
IITA-TMS-ZAR980137,0,0,1,0,0
IITA-TMS-ZAR980139,0,0,1,0,0
IITA-TMS-ZAR980144,0,1,0,0,1
IITA-TMS-ZAR980098,0,1,0,0,1
IITA-TMS-IBA974763,0,1,0,0,1
IITA-TMS-IBA970335,0,1,0,0,1
IITA-TMS-IBA970255,0,1,0,0,1
IITA-TMS-IBA970425,0,0,1,0,0
IITA-TMS-IBA970286,0,1,0,0,1
IITA-TMS-IBA974013,0,0,1,0,0
IITA-TMS-IBA970103,0,0,1,0,0
IITA-TMS-IBA970290,0,1,0,0,1
IITA-TMS-IBA974580,0,0,0,1,0
IITA-TMS-IBA974045,0,0,1,0,0
IITA-TMS-IBA970353,0,0,1,0,0
IITA-TMS-IBA974779,0,1,0,0,1
IITA-TMS-IBA971228,0,0,1,0,0
IITA-TMS-IBA970299,0,0,1,0,0
IITA-TMS-IBA970296,0,1,0,0,1
IITA-TMS-MM970646,1,0,0,0,1
IITA-TMS-MM970806,0,1,0,0,1
IITA-TMS-MM971750,0,0,1,0,0
IITA-TMS-MM972220,0,0,1,0,0
IITA-TMS-MM971141,0,1,0,0,1
IITA-TMS-MM971405,0,0,1,0,0
IITA-TMS-MM97JW2,0,1,0,0,1
IITA-TMS-MM970092,0,0,1,0,0
IITA-TMS-MM972480,0,0,1,0,0
IITA-TMS-MM974580,0,1,0,0,1
IITA-TMS-MM970287,1,0,0,0,1
IITA-TMS-MM971660,0,0,1,0,0
IITA-TMS-MM971899,0,0,1,0,0
IITA-TMS-ZAR970002,0,0,1,0,0
IITA-TMS-IBA960596,0,0,0,1,0
IITA-TMS-IBA960062,0,1,0,0,1
IITA-TMS-IBA960619,0,0,1,0,0
IITA-TMS-IBA961613,0,0,1,0,0
IITA-TMS-IBA961556,0,0,1,0,0
IITA-TMS-IBA960409,0,1,0,0,1
IITA-TMS-IBA960304,0,1,0,0,1
IITA-TMS-IBA960986,0,1,0,0,1
IITA-TMS-IBA960963,0,0,0,1,0
IITA-TMS-IBA961439,0,0,0,1,0
IITA-TMS-IBA961087,0,1,0,0,1
IITA-TMS-IBA961427,0,1,0,0,1
IITA-TMS-IBA960557,0,1,0,0,1
IITA-TMS-IBA961632,0,1,0,0,1
IITA-TMS-IBA960565,0,0,1,0,0
IITA-TMS-IBA960869,0,0,1,0,0
IITA-TMS-IBA960129,0,0,1,0,0
IITA-TMS-IBA960590,0,1,0,0,1
IITA-TMS-IBA961569,0,0,1,0,0
IITA-TMS-IBA961165,0,0,1,0,0
IITA-TMS-IBA961642,0,1,0,0,1
IITA-TMS-IBA961039,1,0,0,0,1
IITA-TMS-IBA961431,0,0,1,0,0
IITA-TMS-IBA960860,0,1,0,0,1
IITA-TMS-IBA961551,0,1,0,0,1
IITA-TMS-IBA960532,0,1,0,0,1
IITA-TMS-IBA960035,0,0,1,0,0
IITA-TMS-IBA960325,0,1,0,0,1
IITA-TMS-MM965280,0,1,0,0,1
IITA-TMS-MM960287,0,1,0,0,1
IITA-TMS-MM964496,0,0,1,0,0
IITA-TMS-MM966583,0,0,1,0,0
IITA-TMS-MM960259,0,0,1,0,0
IITA-TMS-MM963665,0,1,0,0,1
IITA-TMS-MM964019,0,1,0,0,1
IITA-TMS-ZAR960058,0,1,0,0,1
IITA-TMS-MM961669,0,1,0,0,1
IITA-TMS-MM968876,0,1,0,0,1
IITA-TMS-IBA950104,0,0,0,1,0
IITA-TMS-IBA950986,0,0,1,0,0
IITA-TMS-IBA950041,0,0,0,1,0
IITA-TMS-IBA950947,0,0,1,0,0
IITA-TMS-IBA950961,0,1,0,0,1
IITA-TMS-IBA950061,0,1,0,0,1
IITA-TMS-IBA950286,0,0,0,1,0
IITA-TMS-IBA950379,0,0,0,1,0
IITA-TMS-IKN950562,0,0,1,0,0
IITA-TMS-IKN950725,0,1,0,0,1
IITA-TMS-ZAR950415,0,0,1,0,0
IITA-TMS-ZAR950432,0,1,0,0,1
IITA-TMS-ZAR950286,0,0,1,0,0
IITA-TMS-IBA940066,0,0,0,1,0
IITA-TMS-IBA940270,0,1,0,0,1
IITA-TMS-IBA940039,0,1,0,0,1
IITA-TMS-IBA940018,0,0,1,0,0
IITA-TMS-IBA940237,0,0,1,0,0
IITA-TMS-IBA940263,0,1,0,0,1
IITA-TMS-IBA940330,0,0,1,0,0
IITA-TMS-IBA940026,0,0,1,0,0
IITA-TMS-IBA940020,0,0,1,0,0
IITA-TMS-IBA940239,0,0,1,0,0
IITA-TMS-IBA940459,0,0,1,0,0
IITA-TMS-MOK940583,0,1,0,0,1
IITA-TMS-WAR940009,0,0,1,0,0
IITA-TMS-WAR940017,0,0,1,0,0
IITA-TMS-WAR940727,0,0,0,1,0
IITA-TMS-ZAR940153,0,1,0,0,1
IITA-TMS-IBA930007,0,0,1,0,0
IITA-TMS-IBA930114,0,0,1,0,0
IITA-TMS-IBA930272,0,0,0,1,0
IITA-TMS-IBA930134,0,0,1,0,0
IITA-TMS-IBA930070,0,0,0,1,0
IITA-TMS-IBA930084,0,0,1,0,0
IITA-TMS-IBA930266,0,0,1,0,0
IITA-TMS-IBA930267,0,0,1,0,0
IITA-TMS-IBA930098,0,0,0,1,0
IITA-TMS-IBA930265,0,0,0,1,0
IITA-TMS-IBA930223,1,0,0,0,1
IITA-TMS-IBA930591(4X),0,1,0,0,1
IITA-TMS-IBA930614(4X),0,0,1,0,0
IITA-TMS-IBA930602(4X),0,0,1,0,0
IITA-TMS-KAN930061,0,0,1,0,0
NR930199,0,0,1,0,0
IITA-TMS-ZAR930151,0,0,0,1,0
IITA-TMS-BAD9200068,0,0,0,1,0
IITA-TMS-BAD9200061,0,0,0,1,0
IITA-TMS-IBA920258,0,0,1,0,0
IITA-TMS-IBA920053,0,1,0,0,1
IITA-TMS-IBA920325,0,0,1,0,0
IITA-TMS-IBA920110,0,0,1,0,0
IITA-TMS-IBA920398,0,0,1,0,0
IITA-TMS-IBA920429,0,0,0,1,0
IITA-TMS-IBA920269,0,1,0,0,1
IITA-TMS-IBA920427,0,1,0,0,1
IITA-TMS-IBA920457,0,0,1,0,0
IITA-TMS-IBA920397,0,0,0,1,0
IITA-TMS-IBA920342(4X),1,0,0,0,1
IITA-TMS-IBA920509(4X),0,1,0,0,1
IITA-TMS-IBA920057(4X),0,1,0,0,1
IITA-TMS-IBA920067(4X),0,1,0,0,1
IITA-TMS-BAD92033,0,0,1,0,0
IITA-TMS-JOS920230,0,0,1,0,0
IITA-TMS-IBA9102324,0,0,1,0,0
IITA-TMS-IBA9100416,0,1,0,0,1
IITA-TMS-IBA9102312,0,0,1,0,0
IITA-TMS-IBA9102325,0,0,1,0,0
IITA-TMS-IBA9100153(3X),0,0,1,0,0
IITA-TMS-IBA9100255(3X),0,0,1,0,0
IITA-TMS-IBA9102325(4X),0,1,0,0,1
IITA-TMS-IBA9100090(4X),0,0,1,0,0
IITA-TMS-IBA9101730(4X),0,1,0,0,1
IITA-TMS-IBA9102316(4X),0,0,1,0,0
IITA-TMS-IBA9102324(4X),0,0,1,0,0
IITA-TMS-BAD9100455,0,0,1,0,0
IITA-TMS-BAD9100462,0,0,1,0,0
NR89123,0,0,1,0,0
IITA-TMS-ONN8800279,0,0,1,0,0
IITA-TMS-IBA8802343,0,0,1,0,0
IITA-TMS-IBA8801504,0,0,1,0,0
IITA-TMS-IBA8800695,0,0,1,0,0
IITA-TMS-ONN8700813,0,0,1,0,0
IITA-TMS-IBA8700052,0,0,1,0,0
IITA-TMS-IBA8700018-42(4X),0,1,0,0,1
IITA-TMS-IBA8400353,0,0,1,0,0
IITA-TMS-ONN850066,0,0,1,0,0
NR8421,0,0,1,0,0
IITA-TMS-IBA83672,0,0,1,0,0
IITA-TMS-IBA8200058,0,0,1,0,0
NR8212,0,0,1,0,0
IITA-TMS-WAR4080,0,0,1,0,0
IITA-TMS-WAR820249,0,0,1,0,0
IITA-TMS-IBA8100045,0,0,1,0,0
IITA-TMS-IBA8101623(4X),0,0,1,0,0
IITA-TMS-IBA8101635,0,0,1,0,0
IITA-TMS-ONN71762,0,0,1,0,0
50395,0,0,1,0,0
IITA-TMS-IBA4(2)1443,0,0,0,1,0
IITA-TMS-IBA30555-7,0,0,1,0,0
IITA-TMS-IBA60142,0,0,1,0,0
IITA-TMS-IBA30040,0,0,0,1,0
IITA-TMS-IBA30555,0,0,1,0,0
58308,0,0,0,1,0
IITA-TMS-IBA71673,0,0,0,1,0
SM1620-18,0,0,1,0,0
L930447,0,1,0,0,1
L930425,1,0,0,0,1
IITA-TMS-IBA8400316(4X),0,0,1,0,0
IITA-TMS-IBA91934(4X)(SEX),0,0,1,0,0
TMEB117(4X),0,0,1,0,0
TMEB203(4X),0,1,0,0,1
TMEB237(4X),0,1,0,0,1
IITA-TMS-IBA91934(4X),0,0,1,0,0
IITA-TMS-IBA88112-7(3X),0,0,1,0,0
IITA-TMS-IBA970211,0,0,1,0,0
IITA-TMS-IBA090523,0,0,1,0,0
IITA-TMS-IBA090482,0,0,1,0,0
IITA-TMS-IBA090581,0,0,1,0,0
IITA-TMS-IBA090521,0,0,1,0,0
IITA-TMS-IBA090576,0,0,1,0,0
IITA-TMS-IBA090574,0,1,0,0,1
IITA-TMS-IBA090506,0,0,0,1,0
IITA-TMS-IBA090516,0,0,0,1,0
IITA-TMS-IBA090522,0,0,1,0,0
IITA-TMS-IBA090498,0,0,1,0,0
IITA-TMS-IBA090590,0,0,1,0,0
IITA-TMS-IBA090504,0,0,0,1,0
IITA-TMS-IBA090546,0,0,1,0,0
IITA-TMS-IBA090510,0,0,1,0,0
IITA-TMS-IBA090616,0,0,1,0,0
IITA-TMS-IBA090483,0,0,1,0,0
IITA-TMS-IBA090537,0,0,1,0,0
IITA-TMS-IBA090454,0,0,1,0,0
IITA-TMS-IBA090485,0,0,1,0,0
IITA-TMS-IBA090597,0,0,1,0,0
IITA-TMS-IBA090508,0,1,0,0,1
IITA-TMS-IBA090564,0,1,0,0,1
IITA-TMS-IBA090520,0,1,0,0,1
IITA-TMS-IBA090486,0,0,1,0,0
IITA-TMS-IBA070609,0,0,1,0,0
IITA-TMS-IBA090509,0,0,1,0,0
DOKUNBAHKYE,0,0,1,0,0
TMEB2139,0,0,1,0,0
TMEB1336,0,0,1,0,0
ESAMBAHKYE,0,0,1,0,0
TMEB1788,0,0,1,0,0
MANIHOT ROUGE,0,0,1,0,0
NANKHINYAYA 2,0,0,1,0,0
TMEB1347,0,1,0,0,1
TMEB2141,0,1,0,0,1
KIGOMA RED,0,1,0,0,1
TMEB693,0,1,0,0,1
KIBAHA,0,1,0,0,1
SM1799-21,0,0,1,0,0
TMEB789,0,0,1,0,0
TMEB1341,0,0,1,0,0
TMEB14,0,0,1,0,0
TMEB1310,0,0,1,0,0
BAHKYEHEMAA,0,0,1,0,0
TMEB1346,0,0,1,0,0
KIZIMBANI,0,0,1,0,0
TMEB2,0,0,0,1,0
CARICASS 1,0,1,0,0,1
NASE12,0,0,1,0,0
SL861(4X),0,1,0,0,1
TMEB1738,0,0,1,0,0
TMEB388,0,0,1,0,0
TMEB1776,0,1,0,0,1
TMEB2135,0,0,0,1,0
TMEB4,0,0,1,0,0
KIBANDAMENO WHITE,0,0,1,0,0
TMEB590,0,1,0,0,1
NR8949,0,1,0,0,1
MN2-13,0,0,1,0,0
IITA-TMS-IBA083774,0,1,0,0,1
IITA-TMS-IBA083739,0,1,0,0,1
IITA-TMS-IBA070835,0,0,1,0,0
IITA-TMS-IBA070749,0,0,1,0,0
IITA-TMS-IBA070620,0,1,0,0,1
IITA-TMS-IBA070337,0,0,1,0,0
IITA-TMS-IBA070756,0,0,1,0,0
IITA-TMS-IBA070751,0,0,1,0,0
IITA-TMS-IBA071295,0,1,0,0,1
IITA-TMS-IBA070593,0,0,1,0,0
IITA-TMS-IBA070498,0,1,0,0,1
IITA-TMS-IBA070649,1,0,0,0,1
IITA-TMS-IBA070974,0,1,0,0,1
IITA-TMS-IBA070910,0,0,1,0,0
IITA-TMS-IBA070258,0,0,1,0,0
IITA-TMS-IBA070962,0,0,1,0,0
IITA-TMS-IBA070824,0,1,0,0,1
IITA-TMS-IBA071393,0,1,0,0,1
IITA-TMS-IBA070525,0,0,1,0,0
IITA-TMS-IBA070808,0,0,1,0,0
IITA-TMS-IBA070553,0,1,0,0,1
IITA-TMS-IBA070614,0,0,1,0,0
IITA-TMS-IBA070520,0,1,0,0,1
IITA-TMS-IBA070675,1,0,0,0,1
IITA-TMS-IBA071313,0,1,0,0,1
IITA-TMS-IBA070045,0,1,0,0,1
IITA-TMS-IBA070752,0,1,0,0,1
IITA-TMS-IBA070576,0,1,0,0,1
IITA-TMS-IBA071378,0,0,1,0,0
IITA-TMS-IBA070067,0,1,0,0,1
IITA-TMS-IBA070134,0,1,0,0,1
IITA-TMS-IBA070048,0,0,1,0,0
IITA-TMS-IBA070632,0,0,1,0,0
IITA-TMS-IBA070374,1,0,0,0,1
IITA-TMS-IBA070952,0,0,1,0,0
IITA-TMS-IBA070094,1,0,0,0,1
IITA-TMS-IBA070126,0,1,0,0,1
IITA-TMS-IBA070004,0,0,1,0,0
IITA-TMS-IBA070299,1,0,0,0,1
IITA-TMS-IBA070703,0,0,1,0,0
IITA-TMS-IBA070670,0,1,0,0,1
IITA-TMS-IBA070736,0,1,0,0,1
IITA-TMS-IBA070683,0,1,0,0,1
IITA-TMS-IBA070557,0,1,0,0,1
IITA-TMS-IBA061365,0,0,1,0,0
IITA-TMS-IBA062052,0,0,1,0,0
IITA-TMS-IBA061856,0,1,0,0,1
IITA-TMS-IBA061404,0,1,0,0,1
IITA-TMS-IBA050099,0,1,0,0,1
IITA-TMS-IBA061766,0,0,1,0,0
IITA-TMS-IBA062630,0,1,0,0,1
IITA-TMS-IBA061155,0,1,0,0,1
IITA-TMS-IBA061577,0,0,1,0,0
IITA-TMS-IBA061640,0,0,1,0,0
IITA-TMS-IBA061673,0,0,1,0,0
IITA-TMS-IBA062116,0,1,0,0,1
IITA-TMS-IBA062021,0,0,1,0,0
IITA-TMS-IBA062231,0,1,0,0,1
IITA-TMS-IBA063046,0,0,1,0,0
IITA-TMS-IBA061744,0,1,0,0,1
IITA-TMS-IBA060889,0,1,0,0,1
IITA-TMS-IBA061635,0,0,1,0,0
IITA-TMS-IBA050231,0,1,0,0,1
IITA-TMS-IBA030015,0,1,0,0,1
IITA-TMS-IBA030042,0,1,0,0,1
IITA-TMS-IBA030279,0,1,0,0,1
IITA-TMS-IBA030006B,0,0,1,0,0
IITA-TMS-IBA030061,1,0,0,0,1
IITA-TMS-IBA030007,0,1,0,0,1
IITA-TMS-IBA030030,1,0,0,0,1
IITA-TMS-IBA030213,0,0,1,0,0
IITA-TMS-IBA020444,0,1,0,0,1
IITA-TMS-IBA020514,0,1,0,0,1
IITA-TMS-IBA020133,0,1,0,0,1
IITA-TMS-IBA020509,0,0,1,0,0
IITA-TMS-IBA020409,0,1,0,0,1
IITA-TMS-IBA020285,0,1,0,0,1
IITA-TMS-IBA020105,0,1,0,0,1
IITA-TMS-IBA020103,0,0,1,0,0
IITA-TMS-IBA020100,0,0,1,0,0
IITA-TMS-IBA020388,0,1,0,0,1
IITA-TMS-IBA020432,0,1,0,0,1
IITA-TMS-IBA011732,0,1,0,0,1
IITA-TMS-IBA011811,0,0,1,0,0
IITA-TMS-IBA010819,0,1,0,0,1
IITA-TMS-IBA010169,0,0,1,0,0
IITA-TMS-IBA011371,0,0,1,0,0
IITA-TMS-IBA010046,0,0,1,0,0
IITA-TMS-IBA011663,0,1,0,0,1
IITA-TMS-IBA011752,0,1,0,0,1
IITA-TMS-IBA011097,0,0,1,0,0
IITA-TMS-IBA010753,0,0,1,0,0
IITA-TMS-IBA011368,0,0,1,0,0
IITA-TMS-IBA011735,0,0,1,0,0
IITA-TMS-IBA010103,0,1,0,0,1
IITA-TMS-IBA011797,0,1,0,0,1
IITA-TMS-IBA010536,0,1,0,0,1
IITA-TMS-IBA011560,0,1,0,0,1
IITA-TMS-IBA010131,0,0,1,0,0
IITA-TMS-IBA010171,0,0,1,0,0
IITA-TMS-IBA010728,0,0,1,0,0
IITA-TMS-IBA011231,0,0,1,0,0
IITA-TMS-IBA010606,0,0,1,0,0
IITA-TMS-IBA010903,0,0,1,0,0
IITA-TMS-IBA010034,0,1,0,0,1
IITA-TMS-IBA010265,0,1,0,0,1
IITA-TMS-IBA011412,0,0,1,0,0
IITA-TMS-IBA011813,0,0,1,0,0
IITA-TMS-IBA010615,0,0,1,0,0
IITA-TMS-IBA011659,0,0,1,0,0
IITA-TMS-IBA011760,0,1,0,0,1
IITA-TMS-IBA011206,0,1,0,0,1
IITA-TMS-IBA011224,0,0,1,0,0
IITA-TMS-IBA010085,0,0,1,0,0
IITA-TMS-IBA011417,0,0,1,0,0
IITA-TMS-IBA010098,0,1,0,0,1
IITA-TMS-IBA011273,0,0,1,0,0
IITA-TMS-IBA010622,0,1,0,0,1
IITA-TMS-IBA011807,0,1,0,0,1
IITA-TMS-IBA011423,0,1,0,0,1
IITA-TMS-IBA010040,0,1,0,0,1
IITA-TMS-IBA011646,1,0,0,0,1
IITA-TMS-IBA011442,0,0,1,0,0
IITA-TMS-ZAR010153,0,1,0,0,1
IITA-TMS-ZAR010125,0,1,0,0,1
IITA-TMS-ZAR010116,0,1,0,0,1
IITA-TMS-ZAR010130,1,0,0,0,1
IITA-TMS-ZAR010053,0,1,0,0,1
IITA-TMS-IBA000061,1,0,0,0,1
IITA-TMS-IBA000107,0,0,1,0,0
IITA-TMS-IBA000203,0,0,1,0,0
IITA-TMS-IBA000351,0,1,0,0,1
IITA-TMS-MOK000015,0,0,1,0,0
IITA-TMS-MOK000141,0,1,0,0,1
IITA-TMS-MOK000115C,0,0,1,0,0
IITA-TMS-MOK000004,0,1,0,0,1
IITA-TMS-ZAR000200,0,0,1,0,0
IITA-TMS-ZAR000156,0,0,1,0,0
IITA-TMS-ZAR000104,1,0,0,0,1
IITA-TMS-IBA990411,0,1,0,0,1
IITA-TMS-IBA990240,0,1,0,0,1
IITA-TMS-IBA990114,0,1,0,0,1
IITA-TMS-IBA990503,0,1,0,0,1
IITA-TMS-IBA996017,0,1,0,0,1
IITA-TMS-IBA990304,0,1,0,0,1
IITA-TMS-IBA996012,1,0,0,0,1
IITA-TMS-IBA990222,0,1,0,0,1
IITA-TMS-IBA990564,0,1,0,0,1
IITA-TMS-IBA996069,0,1,0,0,1
IITA-TMS-IBA990621,0,1,0,0,1
IITA-TMS-MM990302,0,1,0,0,1
IITA-TMS-MV990395,0,0,1,0,0
IITA-TMS-MV990395(DRC),0,1,0,0,1
IITA-TMS-IBA980002,0,0,1,0,0
IITA-TMS-IBA980406,0,1,0,0,1
IITA-TMS-IBA980378,0,1,0,0,1
IITA-TMS-IBA982132,0,0,1,0,0
IITA-TMS-IBA982226,1,0,0,0,1
IITA-TMS-IBA980196,0,0,1,0,0
IITA-TMS-IBA980505,0,0,1,0,0
IITA-TMS-MOK980115,0,1,0,0,1
IITA-TMS-MOK980028,0,1,0,0,1
IITA-TMS-MOK980040,0,1,0,0,1
IITA-TMS-MM980163,0,1,0,0,1
IITA-TMS-MM981020,0,0,1,0,0
IITA-TMS-MM980931,0,1,0,0,1
IITA-TMS-MM980471,0,1,0,0,1
IITA-TMS-MM980747,0,0,1,0,0
IITA-TMS-MM980604,0,0,1,0,0
IITA-TMS-MM980034,0,1,0,0,1
IITA-TMS-MM980057,0,1,0,0,1
IITA-TMS-MM983437,0,1,0,0,1
IITA-TMS-IBA971149,0,1,0,0,1
IITA-TMS-IBA972205,0,0,1,0,0
IITA-TMS-IBA970219,0,1,0,0,1
IITA-TMS-IBA970162,0,1,0,0,1
IITA-TMS-MM972346,0,1,0,0,1
IITA-TMS-MM970043,1,0,0,0,1
IITA-TMS-MM971909,0,0,1,0,0
IITA-TMS-MM970016,0,1,0,0,1
IITA-TMS-MM970134,0,0,1,0,0
IITA-TMS-MM972320,0,0,1,0,0
IITA-TMS-ZAR970474,0,0,1,0,0
IITA-TMS-IBA960804,1,0,0,0,1
IITA-TMS-IBA960102,0,0,1,0,0
IITA-TMS-IBA960023,0,1,0,0,1
IITA-TMS-IBA960016,0,0,1,0,0
IITA-TMS-IBA960603,0,1,0,0,1
IITA-TMS-IBA961630,1,0,0,0,1
IITA-TMS-IBA960595,0,1,0,0,1
IITA-TMS-MM961871,0,0,1,0,0
IITA-TMS-MM967204(DRC),0,1,0,0,1
IITA-TMS-MM96JW1,0,1,0,0,1
IITA-TMS-MM964500,0,0,1,0,0
IITA-TMS-MM961751,0,1,0,0,1
IITA-TMS-MM965055,0,0,1,0,0
IITA-TMS-MM963635,0,0,1,0,0
IITA-TMS-MM968676,1,0,0,0,1
IITA-TMS-MM960093,0,1,0,0,1
IITA-TMS-IBA950645,0,0,1,0,0
I95D069,0,0,1,0,0
IITA-TMS-IBA950925,0,1,0,0,1
IITA-TMS-IBA950971,0,1,0,0,1
IITA-TMS-IBA950306,0,1,0,0,1
IITA-TMS-IBA950211,0,1,0,0,1
IITA-TMS-IBA950594,0,0,1,0,0
IITA-TMS-IBA950442,0,1,0,0,1
IITA-TMS-IBA951038,0,0,1,0,0
IITA-TMS-IBA950063,0,0,1,0,0
IITA-TMS-IBA950248,0,1,0,0,1
IITA-TMS-IBA950058,0,0,1,0,0
IITA-TMS-IBA950269,0,1,0,0,1
IITA-TMS-IBA950528,0,0,1,0,0
95NA-00063,0,1,0,0,1
IITA-TMS-IBA950902,0,0,1,0,0
IITA-TMS-BAD95070,0,1,0,0,1
IITA-TMS-IKN950671,0,1,0,0,1
IITA-TMS-IKN950286,0,1,0,0,1
IITA-TMS-ZAR950680,0,1,0,0,1
IITA-TMS-ZAR950154,0,1,0,0,1
IITA-TMS-IBA940561,0,0,1,0,0
IITA-TMS-WAR940038,0,0,1,0,0
IITA-TMS-WAR940102,1,0,0,0,1
IITA-TMS-IBA930248,0,0,1,0,0
IITA-TMS-IBA930184,0,0,1,0,0
IITA-TMS-IBA920326,0,1,0,0,1
IITA-TMS-IBA920342,1,0,0,0,1
IITA-TMS-IBA920057,0,0,1,0,0
IITA-TMS-IBA920067,0,0,1,0,0
CH92108,0,1,0,0,1
IITA-TMS-ONN920168,0,0,1,0,0
TMEB225,0,1,0,0,1
IITA-TMS-ZAR920250,0,0,1,0,0
IITA-TMS-IBA9102322,0,0,1,0,0
IITA-TMS-IBA9100459,0,1,0,0,1
IITA-TMS-IBA9100420,0,0,1,0,0
IITA-TMS-IBA9100455,0,0,1,0,0
IITA-TMS-IBA9101730,0,1,0,0,1
IITA-TMS-IBA91934,0,0,1,0,0
IITA-TMS-IBA900099,0,1,0,0,1
IITA-TMS-IBA9001554,0,1,0,0,1
IITA-TMS-IBA90853,0,1,0,0,1
IITA-TMS-IBA8902195,0,0,1,0,0
IITA-TMS-IBA8900003,0,0,1,0,0
IITA-TMS-IBA8900963,0,1,0,0,1
IITA-TMS-IBA8900250,0,1,0,0,1
IITA-TMS-ONN8800119,0,1,0,0,1
IITA-TMS-IBA8500680,1,0,0,0,1
IITA-TMS-IBA84537,0,0,1,0,0
IITA-TMS-ONN8400401,0,1,0,0,1
IITA-TMS-WAR820447,0,1,0,0,1
IITA-TMS-WAR820422,0,1,0,0,1
IITA-TMS-IBA40764,0,0,1,0,0
IITA-TMS-IBA63397,0,0,1,0,0
IITA-TMS-IBA4(2)1425,0,0,1,0,0
IITA-TMS-IBA60506,1,0,0,0,1
IITA-TMS-IBA30211,0,1,0,0,1
IITA-TMS-IBA083565,0,0,1,0,0
IITA-TMS-IBA083426,0,1,0,0,1
IITA-TMS-IBA083535,0,1,0,0,1
IITA-TMS-IBA082432,0,1,0,0,1
IITA-TMS-IBA082393,0,0,1,0,0
IITA-TMS-IBA083568,0,0,1,0,0
IITA-TMS-IBA082425,0,1,0,0,1
IITA-TMS-IBA083718,0,0,1,0,0
IITA-TMS-IBA083579,0,0,1,0,0
IITA-TMS-IBA082418,0,0,1,0,0
IITA-TMS-IBA083043,0,0,1,0,0
IITA-TMS-IBA082636,0,0,1,0,0
IITA-TMS-IBA083196,0,1,0,0,1
IITA-TMS-IBA082159,0,1,0,0,1
IITA-TMS-IBA083389,0,0,1,0,0
IITA-TMS-IBA083580,0,1,0,0,1
IITA-TMS-IBA082993,0,1,0,0,1
IITA-TMS-IBA082189,0,0,1,0,0
IITA-TMS-WAR4092,0,0,1,0,0
NR87184,0,0,1,0,0
NR7734,0,1,0,0,1
TMEB239,1,0,0,0,1
TMEB778,1,0,0,0,1
CE85,0,0,1,0,0
KALESO,0,1,0,0,1
TMEB1937,0,0,1,0,0
NASE8,0,1,0,0,1
TMEB1331,1,0,0,0,1
TMEB1349,0,0,1,0,0
TMEB2146,1,0,0,0,1
TMEB1332,0,1,0,0,1
SS5(NASE5),0,0,1,0,0
BONOUA BLANC,1,0,0,0,1
TMEB6,0,1,0,0,1
TMEB203,0,1,0,0,1
SIMONYE,0,0,1,0,0
TMEB12,0,1,0,0,1
UKG41-9,1,0,0,0,1
TMEB1981,1,0,0,0,1
TMEB204,1,0,0,0,1
RB98509,1,0,0,0,1
IITA-TMS-ZAR010071,0,1,0,0,1
IITA-TMS-ZAR010055,0,1,0,0,1
IITA-TMS-IBA070481,0,0,1,0,0
IITA-TMS-IBA070874,0,0,1,0,0
IITA-TMS-IBA011551,0,0,1,0,0
IITA-TMS-IBA961089A,0,0,1,0,0
IITA-TMS-IBA102708,0,0,1,0,0
IITA-TMS-IBA102446,0,0,1,0,0
IITA-TMS-IBA102831,0,0,1,0,0
IITA-TMS-IBA102721,0,0,1,0,0
IITA-TMS-IBA102480,0,1,0,0,1
IITA-TMS-IBA102731,0,1,0,0,1
IITA-TMS-IBA102432,0,0,1,0,0
IITA-TMS-BAD1090592-20,0,0,1,0,0
IITA-TMS-IBA102429,0,0,1,0,0
IITA-TMS-IBA101993,0,0,1,0,0
IITA-TMS-IBA102096,0,1,0,0,1
IITA-TMS-IBA102612,0,0,1,0,0
IITA-TMS-IBA102641,0,0,1,0,0
IITA-TMS-IBA102427,0,0,1,0,0
IITA-TMS-IBA102103,0,0,1,0,0
IITA-TMS-IBA102289,0,1,0,0,1
IITA-TMS-IBA102455,1,0,0,0,1
IITA-TMS-IBA102910,0,1,0,0,1
IITA-TMS-IBA102510,0,0,1,0,0
IITA-TMS-IBA102521,0,1,0,0,1
IITA-TMS-IBA102535,0,0,1,0,0
IITA-TMS-IBA102405,0,0,1,0,0
IITA-TMS-IBA096051,0,0,1,0,0
IITA-TMS-IBA083724,0,0,1,0,0
IITA-TMS-IBA082161,0,1,0,0,1
IITA-TMS-IBA090090,0,1,0,0,1
IITA-TMS-IBA085613,0,0,1,0,0
IITA-TMS-IBA090081,0,0,1,0,0
IITA-TMS-IBA082264,0,0,1,0,0
IITA-TMS-IBA090107,0,1,0,0,1
IITA-TMS-IBA090059,0,0,1,0,0
IITA-TMS-IBA090073,0,0,1,0,0
IITA-TMS-IBA090170,0,0,1,0,0
IITA-TMS-IBA090006,0,1,0,0,1
IITA-TMS-IBA085056,0,0,1,0,0
IITA-TMS-IBA090144,0,0,1,0,0
IITA-TMS-IBA090076,0,0,1,0,0
IITA-TMS-IBA083703,0,0,1,0,0
IITA-TMS-IBA084563,0,0,1,0,0
IITA-TMS-IBA085392,0,1,0,0,1
IITA-TMS-IBA090067,0,0,1,0,0
IITA-TMS-IBA084955,0,0,1,0,0
IITA-TMS-IBA090091,0,0,1,0,0
IITA-TMS-IBA079593,0,0,1,0,0
IITA-TMS-IBA090151,0,0,1,0,0
IITA-TMS-IBA085894,0,0,1,0,0
IITA-TMS-IBA086001,0,0,1,0,0
IITA-TMS-IBA081904,0,0,1,0,0
IITA-TMS-IBA085006,0,0,1,0,0
TMEB164,0,0,1,0,0
TMEB165,0,0,1,0,0
TMEB167,0,0,1,0,0
TMEB168,0,0,1,0,0
TMEB169,0,0,1,0,0
TMEB170,0,0,1,0,0
TMEB171,0,0,1,0,0
TMEB172,0,0,1,0,0
TMEB173,0,0,1,0,0
TMEB174,0,0,1,0,0
TMEB10,0,0,1,0,0
TMEB175,0,0,1,0,0
TMEB176,0,0,1,0,0
TMEB179,0,0,1,0,0
TMEB182,0,0,1,0,0
TMEB183,0,0,1,0,0
TMEB185,0,0,1,0,0
TMEB186,0,0,1,0,0
TMEB187,0,0,0,0,0
TMEB188,0,0,1,0,0
TMEB189,0,0,1,0,0
TMEB11,0,0,0,0,0
TMEB191,0,0,1,0,0
TMEB192,0,0,1,0,0
TMEB193,0,0,1,0,0
TMEB197,0,0,0,0,0
TMEB198,0,0,0,0,0
TMEB199,0,0,1,0,0
TMEB202,0,0,1,0,0
TMEB205,0,0,1,0,0
TMEB206,0,0,1,0,0
TMEB207,0,0,1,0,0
TMEB208,0,0,1,0,0
TMEB209,0,0,1,0,0
TMEB210,0,0,1,0,0
TMEB211,0,0,1,0,0
TMEB212,0,0,1,0,0
TMEB213,0,0,1,0,0
TMEB215,0,0,1,0,0
TMEB216,0,0,0,0,0
TMEB13,0,0,1,0,0
TMEB219,0,0,0,0,0
TMEB220,0,0,1,0,0
TMEB221,0,0,1,0,0
TMEB222,0,0,1,0,0
TMEB223,0,0,1,0,0
TMEB224,0,0,1,0,0
TMEB232,0,0,1,0,0
TMEB235,0,0,0,0,0
TMEB234,0,0,1,0,0
TMEB237,0,0,0,0,0
TMEB243,0,0,1,0,0
TMEB247,0,0,0,0,0
TMEB251,0,0,0,0,0
TMEB252,0,0,1,0,0
TMEB255,0,0,0,0,0
TMEB256,0,0,1,0,0
TMEB258,0,0,0,1,0
TMEB15,0,0,0,0,0
TMEB262,0,0,1,0,0
TMEB265,0,0,1,0,0
TMEB270,0,0,1,0,0
TMEB274,0,0,1,0,0
TMEB279,0,0,0,0,0
TMEB282,0,0,1,0,0
TMEB286,0,0,1,0,0
TMEB287,0,0,1,0,0
TMEB288,0,0,1,0,0
TMEB291,0,0,1,0,0
TMEB17,0,0,0,0,0
TMEB296,0,0,1,0,0
TMEB299,0,0,1,0,0
TMEB329,0,0,1,0,0
TMEB339,0,0,1,0,0
TMEB340,0,0,1,0,0
TMEB379,0,0,1,0,0
TMEB380,0,0,0,0,0
TMEB381,0,0,1,0,0
TMEB391,0,0,1,0,0
TMEB394,0,0,1,0,0
TMEB396,1,0,0,0,0
TMEB397,0,0,0,0,0
TMEB398,0,0,0,0,0
TMEB401,0,0,1,0,0
TMEB402,0,0,1,0,0
TMEB403,0,0,0,0,0
TMEB408,0,0,0,0,0
TMEB410,0,0,0,1,0
TMEB19,0,0,1,0,0
TMEB412,0,0,1,0,0
TMEB416,0,0,1,0,0
TMEB418,0,0,0,1,0
TMEB421,0,0,1,0,0
TMEB422,0,0,1,0,0
TMEB423,0,0,1,0,0
TMEB424,0,0,1,0,0
TMEB427,0,0,1,0,0
TMEB20,0,0,1,0,0
TMEB428,0,0,1,0,0
TMEB430,0,0,1,0,0
TMEB431,0,0,0,0,0
TMEB433,0,0,1,0,0
TMEB435,0,0,0,0,0
TMEB437,0,0,1,0,0
TMEB439,0,0,1,0,0
TMEB440,0,0,1,0,0
TMEB443,0,0,1,0,0
TMEB449,0,0,0,0,0
TMEB21,0,0,0,0,0
TMEB454,0,0,0,0,0
TMEB455,0,0,1,0,0
TMEB459,0,0,0,0,0
TMEB463,0,0,0,0,0
TMEB468,0,0,0,0,0
TMEB469,0,0,1,0,0
TMEB474,0,0,1,0,0
TMEB477,0,0,1,0,0
TMEB478,0,0,1,0,0
TMEB480,0,0,0,0,0
TMEB23,0,0,1,0,0
TMEB481,0,0,1,0,0
TMEB482,0,0,0,0,0
TMEB486,0,0,0,0,0
TMEB491,0,0,1,0,0
TMEB494,0,0,1,0,0
TMEB496,0,0,0,0,0
TMEB497,0,0,1,0,0
TMEB499,0,0,1,0,0
TMEB525,0,0,1,0,0
TMEB24,0,0,1,0,0
TMEB503,0,0,1,0,0
TMEB506,0,0,1,0,0
TMEB507,0,0,0,0,0
TMEB508,0,0,0,0,0
TMEB514,0,0,1,0,0
TMEB515,0,0,0,1,0
TMEB516,0,0,0,0,0
TMEB527,0,0,0,0,0
TMEB533,0,0,0,0,0
TMEB534,0,0,0,0,0
TMEB25,0,0,1,0,0
TMEB537,0,0,0,0,0
TMEB538,0,0,0,0,0
TMEB539,1,0,0,0,0
TMEB540,0,0,0,0,0
TMEB542,0,0,1,0,0
TMEB546,0,0,0,0,0
TMEB557,0,0,1,0,0
TMEB568,0,0,0,0,0
TMEB577,0,0,1,0,0
TMEB26,0,0,1,0,0
TMEB583,0,0,0,1,0
TMEB585,0,0,1,0,0
TMEB586,0,0,0,0,0
TMEB591,0,0,1,0,0
TMEB592,0,0,0,0,0
TMEB594,0,0,1,0,0
TMEB597,0,0,0,0,0
TMEB599,0,0,0,0,0
TMEB28,0,0,1,0,0
TMEB600,0,0,1,0,0
TMEB604,0,0,1,0,0
TMEB613,0,0,1,0,0
TMEB614,0,0,1,0,0
TMEB615,0,0,1,0,0
TMEB620,0,0,1,0,0
TMEB621,0,0,0,0,0
TMEB624,0,0,1,0,0
TMEB625,0,0,1,0,0
TMEB628,0,0,1,0,0
TMEB30,0,0,1,0,0
TMEB629,0,0,1,0,0
TMEB630,0,0,1,0,0
TMEB633,0,0,1,0,0
TMEB634,0,0,1,0,0
TMEB636,0,0,1,0,0
TMEB637,0,0,0,0,0
TMEB638,0,0,1,0,0
TMEB640,0,0,1,0,0
TMEB641,0,0,0,0,0
TMEB31,0,0,1,0,0
TMEB644,0,0,1,0,0
TMEB700,0,0,1,0,0
TMEB701,0,0,1,0,0
TMEB702,0,0,1,0,0
TMEB708,0,0,1,0,0
TMEB711,0,0,0,0,0
TMEB713,0,0,1,0,0
TMEB721,0,0,0,0,0
TMEB735,0,0,1,0,0
TMEB33,0,0,0,0,0
TMEB738,0,0,1,0,0
TMEB745,0,0,1,0,0
TMEB748,0,0,0,0,0
TMEB757,0,0,1,0,0
TMEB762,0,0,1,0,0
TMEB771,0,0,1,0,0
TMEB781,0,0,0,0,0
TMEB783,0,0,1,0,0
TMEB34,0,0,0,1,0
TMEB785,0,0,0,0,0
TMEB786,0,0,0,0,0
TMEB790,0,0,0,0,0
TMEB791,0,0,0,0,0
TMEB793,0,0,0,0,0
TMEB813,0,0,0,0,0
TMEB829,0,0,1,0,0
TMEB849,0,0,1,0,0
TMEB857,0,0,1,0,0
TMEB885,0,0,1,0,0
TMEB35,0,0,1,0,0
TMEB898,1,0,0,0,0
TMEB900,0,0,0,0,0
TMEB909,0,0,1,0,0
TMEB911,0,0,0,0,0
TMEB916,0,0,0,0,0
TMEB921,0,0,1,0,0
TMEB922,0,0,1,0,0
TMEB923,0,0,1,0,0
TMEB930,0,0,1,0,0
TMEB931,0,0,0,1,0
TMEB37,0,0,1,0,0
TMEB933,0,0,1,0,0
TMEB934,0,0,1,0,0
TMEB937,0,0,1,0,0
TMEB939,0,0,0,0,0
TMEB941,0,0,1,0,0
TMEB945,0,0,1,0,0
TMEB947,0,0,1,0,0
TMEB948,0,0,1,0,0
TMEB949,0,0,0,0,0
TMEB952,0,0,1,0,0
TMEB43,0,0,0,1,0
TMEB953,0,0,0,0,0
TMEB955,0,0,0,0,0
TMEB956,0,0,0,0,0
TMEB960,0,0,1,0,0
TMEB961,0,0,1,0,0
TMEB965,0,0,1,0,0
TMEB966,0,0,0,0,0
TMEB971,0,0,0,0,0
TMEB975,0,0,0,0,0
TMEB47,0,0,0,0,0
TMEB977,0,0,0,0,0
TMEB979,1,0,0,0,0
TMEB981,0,0,0,0,0
TMEB982,0,0,1,0,0
TMEB983,0,0,1,0,0
TMEB984,0,0,0,0,0
TMEB985,0,0,0,0,0
TMEB990,0,0,0,0,0
TMEB992,0,0,1,0,0
TMEB994,0,0,1,0,0
TMEB996,0,0,0,0,0
TMEB998,0,0,0,0,0
TMEB1000,0,0,1,0,0
TMEB1001,0,0,0,0,0
TMEB1002,0,0,0,0,0
TMEB1006,0,0,0,0,0
TMEB1008,0,0,1,0,0
TMEB1009,0,0,0,0,0
TMEB1010,0,0,0,0,0
TMEB49,0,0,1,0,0
TMEB1018,0,0,0,0,0
TMEB1019,0,0,0,0,0
TMEB1021,0,0,0,0,0
TMEB1022,0,0,1,0,0
TMEB1024,0,0,0,0,0
TMEB1025,0,0,0,0,0
TMEB1027,0,0,1,0,0
TMEB1032,0,0,1,0,0
TMEB1034,0,0,1,0,0
TMEB1038,0,0,1,0,0
TMEB51,0,0,1,0,0
TMEB1040,0,0,1,0,0
TMEB1042,0,0,0,0,0
TMEB1044,0,0,0,0,0
TMEB1045,0,0,0,0,0
TMEB1046,0,0,0,0,0
TMEB1047,0,0,0,0,0
TMEB1048,0,0,1,0,0
TMEB1049,0,0,0,0,0
TMEB1050,0,0,0,0,0
TMEB1052,0,0,0,0,0
TMEB1070,0,0,1,0,0
TMEB1081,0,0,1,0,0
TMEB1099,0,0,1,0,0
TMEB1105,0,0,1,0,0
TMEB1108,0,0,0,0,0
TMEB1109,0,0,0,0,0
TMEB1116,0,0,0,0,0
TMEB1120,0,0,1,0,0
TMEB1131,0,0,1,0,0
TMEB55,0,0,0,0,0
TMEB1135,0,0,1,0,0
TMEB1143,0,0,0,0,0
TMEB1148,0,0,1,0,0
TMEB1156,0,0,0,0,0
TMEB1164,0,0,1,0,0
TMEB1168,0,0,1,0,0
TMEB1199,0,0,1,0,0
TMEB1200,0,0,0,0,0
TMEB1212,0,0,1,0,0
TMEB1215,0,0,1,0,0
TME3,0,0,0,0,0
TMEB1218,0,0,0,0,0
TMEB1221,1,0,0,0,0
TMEB1222,0,0,1,0,0
TMEB1224,0,0,0,0,0
TMEB1227,0,0,0,0,0
TMEB1228,0,0,1,0,0
TMEB1231,0,0,0,0,0
TMEB1232,0,0,1,0,0
TMEB1234,0,0,1,0,0
TMEB62,0,0,1,0,0
TMEB1237,0,0,1,0,0
TMEB1238,0,0,1,0,0
TMEB1240,0,0,0,0,0
TMEB1242,0,0,0,0,0
TMEB1243,0,0,1,0,0
TMEB1244,0,0,0,0,0
TMEB1245,0,0,0,0,0
TMEB1246,0,0,1,0,0
TMEB1248,0,0,1,0,0
TMEB1249,0,0,0,0,0
TMEB63,0,0,0,1,0
TMEB1253,0,0,1,0,0
TMEB1254,0,0,1,0,0
TMEB1257,0,0,0,0,0
TMEB1258,0,0,0,0,0
TMEB1260,0,0,1,0,0
TMEB1263,0,0,1,0,0
TMEB1264,0,0,1,0,0
TMEB1266,0,0,0,0,0
TMEB1267,0,0,0,0,0
TMEB1268,0,0,1,0,0
TMEB1269,0,0,1,0,0
TMEB1272,0,0,0,0,0
TMEB1273,0,0,0,0,0
TMEB1274,0,0,0,0,0
TMEB1275,0,0,0,0,0
TMEB1276,0,0,1,0,0
TMEB1277,0,0,1,0,0
TMEB1278,0,0,0,0,0
TMEB1279,0,0,0,0,0
TMEB1280,0,0,0,0,0
TMEB1282,0,0,0,0,0
TMEB1283,0,0,0,0,0
TMEB1284,0,0,0,0,0
TMEB1286,1,0,0,0,0
TMEB1289,0,0,0,0,0
TMEB1294,0,0,1,0,0
TMEB1295,0,0,1,0,0
TMEB1296,0,0,1,0,0
TMEB1298,0,0,0,0,0
TMEB69,0,0,1,0,0
TMEB1299,0,0,1,0,0
TMEB1303,0,0,0,0,0
TMEB1304,0,0,1,0,0
TMEB1305,0,0,1,0,0
TMEB1309,0,0,1,0,0
TMEB1314,0,0,0,0,0
TMEB1315,0,0,1,0,0
TMEB1317,0,0,1,0,0
TMEB72,0,0,0,0,0
TMEB1321,0,0,0,0,0
TMEB1329,0,0,1,0,0
TMEB1330,0,0,1,0,0
TMEB1333,0,0,0,0,0
TMEB1334,0,0,1,0,0
TMEB1335,0,0,0,0,0
TMEB1337,0,0,1,0,0
TMEB1340,0,0,0,0,0
TMEB75,0,0,1,0,0
TMEB1342,0,0,0,0,0
TMEB1345,0,0,0,0,0
TMEB1348,0,0,0,0,0
TMEB1350,0,0,1,0,0
TMEB1351,0,0,0,0,0
TMEB1353,0,0,1,0,0
TMEB77,0,0,0,0,0
TMEB1360,0,0,1,0,0
TMEB1364,0,0,1,0,0
TMEB1367,0,0,0,0,0
TMEB1368,0,0,0,0,0
TMEB1369,0,0,1,0,0
TMEB1370,0,0,1,0,0
TMEB1380,0,0,1,0,0
TMEB1381,0,0,1,0,0
TMEB1382,0,0,1,0,0
TMEB1383,0,0,1,0,0
TMEB78,0,0,1,0,0
TMEB1384,0,0,0,0,0
TMEB1386,0,0,0,0,0
TMEB1391,0,0,1,0,0
TMEB1393,0,0,1,0,0
TMEB1394,0,0,1,0,0
TMEB1408,0,0,0,0,0
TMEB1411,0,0,1,0,0
TMEB1412,0,0,1,0,0
TMEB1417,0,0,0,0,0
TMEB81,0,0,1,0,0
TMEB1418,0,0,0,0,0
TMEB1419,0,0,0,0,0
TMEB1428,0,0,1,0,0
TMEB1430,0,0,0,0,0
TMEB1431,0,0,0,0,0
TMEB1432,0,0,1,0,0
TMEB1433,0,0,0,0,0
TMEB1441,0,0,0,0,0
TMEB1442,0,0,0,0,0
TMEB84,0,0,0,1,0
TMEB1443,0,0,0,0,0
TMEB1446,0,0,0,0,0
TMEB1447,0,0,1,0,0
TMEB1448,0,0,1,0,0
TMEB1450,0,0,1,0,0
TMEB1458,0,0,0,0,0
TMEB1463,0,0,1,0,0
TMEB1468,0,0,0,0,0
TMEB1470,0,0,0,0,0
TMEB1471,0,0,0,0,0
TMEB86,0,0,1,0,0
TMEB1484,0,0,0,0,0
TMEB1485,0,0,0,0,0
TMEB1486,0,0,0,0,0
TMEB90,0,0,0,1,0
TMEB91,0,0,0,0,0
TMEB93,0,0,1,0,0
TMEB95,0,0,0,1,0
TMEB96,0,0,1,0,0
TMEB98,0,0,1,0,0
TMEB99,0,0,1,0,0
TMEB101,0,0,0,1,0
TMEB5,0,0,1,0,0
TMEB102,0,0,1,0,0
TMEB103,0,0,1,0,0
TMEB104,0,0,0,1,0
TMEB107,0,0,1,0,0
TMEB109,0,0,1,0,0
TMEB111,0,0,0,1,0
TMEB115,0,0,1,0,0
TMEB117,0,0,1,0,0
TMEB119,0,0,1,0,0
TMEB121,0,0,0,0,0
TMEB123,0,0,1,0,0
TMEB126,0,0,1,0,0
TMEB127,0,0,0,0,0
TMEB128,0,0,1,0,0
TMEB130,0,0,0,1,0
TMEB131,0,0,1,0,0
TMEB132,0,0,1,0,0
TMEB134,0,0,1,0,0
TMEB135,0,0,1,0,0
TMEB7,0,0,1,0,0
TMEB136,0,0,1,0,0
TMEB137,0,0,1,0,0
TMEB138,0,0,0,0,0
TMEB139,0,0,1,0,0
TMEB146,0,0,1,0,0
TMEB147,0,0,1,0,0
TMEB148,0,0,0,0,0
TMEB150,0,0,1,0,0
TMEB151,0,0,1,0,0
TMEB152,0,0,1,0,0
TMEB153,0,0,1,0,0
TMEB154,0,0,1,0,0
TMEB156,0,0,1,0,0
TMEB157,0,0,1,0,0
TMEB158,0,0,1,0,0
TMEB159,0,0,1,0,0
TMEB160,0,0,1,0,0
TMEB161,0,0,1,0,0
TMEB162,0,0,1,0,0
TMEB9,0,0,1,0,0
IITA-TMS-MM200140,0,0,0,1,0
IITA-TMS-MM200135,0,0,0,1,0
IITA-TMS-MM200129,0,0,0,1,0
IITA-TMS-MM200154,0,0,0,1,0
IITA-TMS-MM200148,0,0,0,1,0
IITA-TMS-MM200171,0,0,0,1,0
IITA-TMS-MM200156,0,0,0,1,0
IITA-TMS-MM200093,0,0,0,1,0
NAROCASS-1,0,0,0,1,0
IITA-TMS-MM200079,0,0,0,1,0
IITA-TMS-MM200173,0,0,0,1,0
IITA-TMS-MM200066,0,0,0,1,0
IITA-TMS-MM200002,0,0,0,1,0
IITA-TMS-MM200094,0,0,0,1,0
IITA-TMS-MM200124,0,0,0,1,0
IITA-TMS-MM200130,0,0,0,1,0
IITA-TMS-MM200152,0,0,0,1,0
IITA-TMS-MM200100,0,0,0,1,0
IITA-TMS-MM200114,0,0,0,1,0
IITA-TMS-MM200008,0,0,0,1,0
IITA-TMS-MM200126,0,1,0,0,1
IITA-TMS-MM200119,0,0,0,1,0
IITA-TMS-MM200163,0,0,0,1,0
IITA-TMS-MM200162,0,0,0,1,0
IITA-TMS-MM200107,0,0,0,1,0
IITA-TMS-MM200133,0,0,0,1,0
IITA-TMS-MM200134,0,0,0,1,0
IITA-TMS-MM200112,0,0,0,1,0
IITA-TMS-MM200169,0,0,0,1,0
IITA-TMS-MM200006,0,0,0,1,0
IITA-TMS-MM200136,0,0,1,0,0
IITA-TMS-MM200071,0,0,0,1,0
IITA-TMS-MM200060,0,0,1,0,0
IITA-TMS-MM200118,0,0,1,0,0
IITA-TMS-MM200064,0,0,0,1,0
IITA-TMS-MM200111,0,0,0,1,0
IITA-TMS-MM200017,0,1,0,0,1
IITA-TMS-MM200062,0,1,0,0,1
IITA-TMS-MM200155,0,0,0,1,0
IITA-TMS-MM200151,0,0,1,0,0
IITA-TMS-MM200003,0,0,0,1,0
IITA-TMS-MM200125,0,0,0,1,0
IITA-TMS-MM200160,0,0,0,1,0
IITA-TMS-MM200055,0,0,0,1,0
IITA-TMS-MM200030,0,0,0,1,0
IITA-TMS-MM200038,0,0,0,1,0
IITA-TMS-MM200142,0,0,0,1,0
IITA-TMS-MM200031,0,0,0,1,0
IITA-TMS-MM200121,0,1,0,0,1
IITA-TMS-MM200061,0,1,0,0,1
IITA-TMS-MM200068,1,0,0,0,1
IITA-TMS-MM200049,0,0,0,1,0
IITA-TMS-MM200104,0,0,0,1,0
IITA-TMS-MM200041,0,0,0,1,0
IITA-TMS-MM200032,0,0,0,1,0
IITA-TMS-MM200078,0,0,0,1,0
IITA-TMS-MM200009,0,0,0,1,0
IITA-TMS-MM200073,0,0,0,1,0
IITA-TMS-MM200010,0,0,0,1,0
IITA-TMS-MM200036,0,0,0,1,0
IITA-TMS-MM200014,0,0,0,1,0
IITA-TMS-MM200176,0,0,0,1,0
IITA-TMS-MM200040,0,0,0,1,0
IITA-TMS-MM200083,0,0,0,1,0
IITA-TMS-MM200050,0,0,0,1,0
IITA-TMS-MM200157,0,0,0,1,0
IITA-TMS-MM200122,0,0,0,1,0
IITA-TMS-MM200047,0,0,0,1,0
IITA-TMS-MM200167,0,0,0,1,0
IITA-TMS-MM200150,0,0,0,1,0
IITA-TMS-MM200026,0,0,0,1,0
IITA-TMS-MM200137,0,0,0,1,0
IITA-TMS-MM200001,0,0,0,1,0
IITA-TMS-MM200028,0,0,0,1,0
IITA-TMS-MM200166,0,0,0,1,0
IITA-TMS-MM200170,0,0,0,1,0
IITA-TMS-MM200053,0,0,0,1,0
IITA-TMS-MM200023,0,0,0,1,0
IITA-TMS-MM200144,0,0,0,1,0
IITA-TMS-MM200099,0,0,0,1,0
IITA-TMS-MM200106,0,0,0,1,0
IITA-TMS-MM200056,0,0,0,1,0
IITA-TMS-MM200110,0,0,0,1,0
IITA-TMS-MM200076,0,0,0,1,0
IITA-TMS-MM200044,0,0,0,1,0
IITA-TMS-MM200075,0,0,0,1,0
IITA-TMS-MM200141,0,0,0,1,0
IITA-TMS-MM200153,0,0,0,1,0
IITA-TMS-MM200172,0,0,0,1,0
IITA-TMS-MM200033,0,0,0,1,0
IITA-TMS-MM200109,0,0,0,1,0
IITA-TMS-MM200052,0,0,0,1,0
IITA-TMS-MM200043,0,0,0,1,0
IITA-TMS-MM200054,0,1,0,0,1
IITA-TMS-MM200059,0,0,0,1,0
IITA-TMS-MM200095,0,0,0,1,0
IITA-TMS-MM200096,0,0,0,1,0
IITA-TMS-MM200020,0,0,0,1,0
IITA-TMS-MM200092,0,0,0,1,0
IITA-TMS-MM200012,0,0,0,1,0
IITA-TMS-MM200037,0,0,0,1,0
IITA-TMS-MM200168,0,0,0,1,0
IITA-TMS-MM200077,0,0,0,1,0
IITA-TMS-MM200072,0,0,0,1,0
IITA-TMS-MM200165,0,0,0,1,0
IITA-TMS-MM200120,0,0,0,1,0
IITA-TMS-MM200024,0,0,0,1,0
IITA-TMS-MM200057,0,0,0,1,0
IITA-TMS-MM200098,0,0,0,1,0
IITA-TMS-MM200097,0,0,0,1,0
IITA-TMS-MM200115,0,0,0,1,0
IITA-TMS-MM200025,0,0,0,1,0
IITA-TMS-MM200067,0,0,0,1,0
IITA-TMS-MM200046,0,0,0,1,0
IITA-TMS-MM200007,0,0,0,1,0
IITA-TMS-MM200080,0,0,0,1,0
IITA-TMS-MM200085,0,0,1,0,0
IITA-TMS-MM200034,0,0,0,1,0
IITA-TMS-MM200019,0,0,0,1,0
IITA-TMS-MM200021,0,0,0,1,0
IITA-TMS-MM200042,0,0,0,1,0
IITA-TMS-MM200022,0,0,0,1,0
IITA-TMS-MM200011,0,0,0,1,0
IITA-TMS-MM200035,0,0,0,1,0
IITA-TMS-MM200139,0,0,1,0,0
IITA-TMS-MM200082,0,0,0,1,0
IITA-TMS-MM200016,0,0,0,1,0
IITA-TMS-MM200013,0,0,0,1,0
IITA-TMS-MM200069,0,0,0,1,0
IITA-TMS-MM200029,0,0,0,1,0
IITA-TMS-MM200045,0,0,0,1,0
IITA-TMS-MM200015,0,0,0,1,0
IITA-TMS-MM200018,0,0,0,1,0
IITA-TMS-MM200089,0,0,1,0,0
IITA-TMS-MM200027,0,0,0,1,0
IITA-TMS-MM200039,0,0,0,1,0
IITA-TMS-MM200101,0,0,0,1,0
IITA-TMS-MM200048,0,0,0,1,0
IITA-TMS-MM200063,0,0,0,1,0
IITA-TMS-MM200102,0,0,0,1,0
IITA-TMS-MM200147,0,0,0,1,0
IITA-TMS-MM200174,0,0,0,1,0
IITA-TMS-MM200051,0,0,0,1,0
IITA-TMS-MM200070,0,0,0,1,0
IITA-TMS-MM200084,0,0,0,1,0
IITA-TMS-MM200088,0,0,0,1,0
IITA-TMS-MM200175,0,0,0,1,0
IITA-TMS-MM200105,0,0,0,1,0
IITA-TMS-MM200149,0,0,0,1,0
IITA-TMS-MM200074,0,0,0,1,0
IITA-TMS-MM200113,0,0,0,1,0
IITA-TMS-MM200117,0,0,0,1,0
IITA-TMS-MM200131,0,0,0,1,0
IITA-TMS-MM200127,0,0,0,1,0
IITA-TMS-MM200090,0,0,0,1,0
IITA-TMS-MM200081,0,0,0,1,0
IITA-TMS-MM200128,0,1,0,0,1
IITA-TMS-MM200091,0,0,0,1,0
IITA-TMS-MM200146,0,0,0,1,0
IITA-TMS-MM200086,0,0,0,1,0
IITA-TMS-MM200103,0,0,0,1,0
IITA-TMS-MM200116,0,0,0,1,0
IITA-TMS-MM200123,0,0,0,1,0
IITA-TMS-MM200005,0,0,0,1,0
IITA-TMS-MM200058,0,0,0,1,0
IITA-TMS-MM200158,0,0,0,1,0
IITA-TMS-MM200065,0,0,0,1,0
IITA-TMS-MM200004,0,0,0,1,0
IITA-TMS-MM200145,0,0,0,1,0
IITA-TMS-MM200177,0,0,0,1,0
IITA-TMS-MM200159,0,0,0,1,0
IITA-TMS-MM200087,0,0,0,1,0
IITA-TMS-MM200143,0,0,0,1,0
IITA-TMS-MM200108,0,0,0,1,0
IITA-TMS-MM200132,0,0,0,1,0
IITA-TMS-MM200161,0,0,0,1,0
IITA-TMS-MM200164,0,0,0,1,0
IITA-TMS-MM200138,0,0,0,1,0
TMS13F1160P0004,0,1,0,0,1
TMS13F1343P0022,0,1,0,0,1
TMS14F1036P0007,0,0,0,1,0
TMS15F1302P0027,0,0,1,0,0
TMS15F1310P0019,0,1,0,0,1
TMS15F1474P0007,0,1,0,0,1
TMS16F1078P0006,0,1,0,0,1
TMS16F1155P0004,0,1,0,0,1
TMS16F1507P0019,0,1,0,0,1
TMS16F1522P0022,0,0,1,0,0
TMS16F2003P0029,0,1,0,0,1
TMS16F2006P0038,0,0,0,1,0
TMS18F1047P0024,0,1,0,0,1
TMS18F1092P0007,0,0,1,0,0
TMS18F1108P0012,0,1,0,0,1
TMS18F1163P0020,0,0,0,1,0
TMS18F1173P0009,0,0,0,1,0
TMS18F1175P0039,0,1,0,0,1
TMS18F1275P0004,0,1,0,0,1
TMS18F1288P0021,0,1,0,0,1
TMS18F1297P0008,0,1,0,0,1
TMS18F1298P0026,1,0,0,0,1
TMS18F1302P0057,0,1,0,0,1
TMS18F1307P0038,0,0,0,1,0
TMS18F1307P0077,0,1,0,0,1
TMS18F1309P0044,0,1,0,0,1
TMS18F1331P0005,0,0,0,1,0
TMS18F1336P0029,0,1,0,0,1
TMS18F1339P0034,0,1,0,0,1
TMS18F1352P0015,0,1,0,0,1
TMS18F1472P0039,0,0,0,1,0
TMS18F1481P0029,0,1,0,0,1
TMS18F1481P0075,0,1,0,0,1
TMS18F1485P0028,0,1,0,0,1
TMS18F1562P0004,0,1,0,0,1
NR16F10P0002,0,0,0,1,0
NR16F2P0002,1,0,0,0,1
NR16F3P0001,1,0,0,0,1
NR16F5P0001,0,0,0,1,0
NR16F8P0004,0,0,0,1,0
NR17F11P0060,0,1,0,0,1
NR17F17P0032,0,0,0,1,0
NR17F18P0077,0,0,0,1,0
NR17F18P0086,0,1,0,0,1
NR17F18P0123,0,0,1,0,0
NR17F23P0226,0,0,0,1,0
NR17F30P0076,0,0,0,1,0
NR17F42P0064,0,0,0,1,0
NR17F5P0003,1,0,0,0,1
NR17F6P0011,1,0,0,0,1
NR17F7P0011,0,0,0,1,0
NR17F8P0003,0,0,0,1,0
NR17F8P0028,0,0,0,1,0
NR17F8P0061,0,0,0,1,0
TMS13F1036P0007,0,0,0,1,0
TMS13F1053P0010,1,0,0,0,1
TMS13F1343P0044,1,0,0,0,1
